fundingInterval,fundingRate,fundingRateDaily,symbol,timestamp
2000-01-01T08:00:00.000Z,-0.000951,-0.002853,XBTUSD,2019-06-18T20:00:00.000Z
2000-01-01T08:00:00.000Z,-0.00048,-0.00144,XBTUSD,2019-06-18T12:00:00.000Z
2000-01-01T08:00:00.000Z,-0.000235,-0.000705,XBTUSD,2019-06-18T04:00:00.000Z
2000-01-01T08:00:00.000Z,-0.0018,-0.0054,XBTUSD,2019-06-17T20:00:00.000Z
2000-01-01T08:00:00.000Z,-0.00375,-0.01125,XBTUSD,2019-06-17T12:00:00.000Z
2000-01-01T08:00:00.000Z,-0.00375,-0.01125,XBTUSD,2019-06-17T04:00:00.000Z
2000-01-01T08:00:00.000Z,-0.00375,-0.01125,XBTUSD,2019-06-16T20:00:00.000Z
2000-01-01T08:00:00.000Z,-0.00375,-0.01125,XBTUSD,2019-06-16T12:00:00.000Z
2000-01-01T08:00:00.000Z,-0.00375,-0.01125,XBTUSD,2019-06-16T04:00:00.000Z
2000-01-01T08:00:00.000Z,-0.00375,-0.01125,XBTUSD,2019-06-15T20:00:00.000Z
2000-01-01T08:00:00.000Z,-0.00375,-0.01125,XBTUSD,2019-06-15T12:00:00.000Z
2000-01-01T08:00:00.000Z,-0.003541,-0.010623,XBTUSD,2019-06-15T04:00:00.000Z
2000-01-01T08:00:00.000Z,-0.000778,-0.002334,XBTUSD,2019-06-14T20:00:00.000Z
2000-01-01T08:00:00.000Z,0.0001,0.00030000000000000003,XBTUSD,2019-06-14T12:00:00.000Z
2000-01-01T08:00:00.000Z,0.000106,0.00031800000000000003,XBTUSD,2019-06-14T04:00:00.000Z
2000-01-01T08:00:00.000Z,0.0001,0.00030000000000000003,XBTUSD,2019-06-13T20:00:00.000Z
2000-01-01T08:00:00.000Z,-0.001023,-0.003069,XBTUSD,2019-06-13T12:00:00.000Z
2000-01-01T08:00:00.000Z,-0.000109,-0.00032700000000000003,XBTUSD,2019-06-13T04:00:00.000Z
2000-01-01T08:00:00.000Z,0.0001,0.00030000000000000003,XBTUSD,2019-06-12T20:00:00.000Z
2000-01-01T08:00:00.000Z,-0.001136,-0.0034080000000000004,XBTUSD,2019-06-12T12:00:00.000Z
2000-01-01T08:00:00.000Z,-0.000319,-0.000957,XBTUSD,2019-06-12T04:00:00.000Z
2000-01-01T08:00:00.000Z,-0.002453,-0.007358999999999999,XBTUSD,2019-06-11T20:00:00.000Z
2000-01-01T08:00:00.000Z,-0.00375,-0.01125,XBTUSD,2019-06-11T12:00:00.000Z
2000-01-01T08:00:00.000Z,-0.003639,-0.010917,XBTUSD,2019-06-11T04:00:00.000Z
2000-01-01T08:00:00.000Z,-1.4e-05,-4.2e-05,XBTUSD,2019-06-10T20:00:00.000Z
2000-01-01T08:00:00.000Z,0.00348,0.01044,XBTUSD,2019-06-10T12:00:00.000Z
2000-01-01T08:00:00.000Z,0.002809,0.008427,XBTUSD,2019-06-10T04:00:00.000Z
2000-01-01T08:00:00.000Z,-0.000139,-0.00041699999999999994,XBTUSD,2019-06-09T20:00:00.000Z
2000-01-01T08:00:00.000Z,-0.000718,-0.002154,XBTUSD,2019-06-09T12:00:00.000Z
2000-01-01T08:00:00.000Z,0.0,0.0,XBTUSD,2019-06-09T04:00:00.000Z
2000-01-01T08:00:00.000Z,-0.00375,-0.01125,XBTUSD,2019-06-08T20:00:00.000Z
2000-01-01T08:00:00.000Z,-0.00375,-0.01125,XBTUSD,2019-06-08T12:00:00.000Z
2000-01-01T08:00:00.000Z,-0.00375,-0.01125,XBTUSD,2019-06-08T04:00:00.000Z
2000-01-01T08:00:00.000Z,-0.00375,-0.01125,XBTUSD,2019-06-07T20:00:00.000Z
2000-01-01T08:00:00.000Z,-0.003269,-0.009807,XBTUSD,2019-06-07T12:00:00.000Z
2000-01-01T08:00:00.000Z,0.000401,0.001203,XBTUSD,2019-06-07T04:00:00.000Z
2000-01-01T08:00:00.000Z,0.00219,0.00657,XBTUSD,2019-06-06T20:00:00.000Z
2000-01-01T08:00:00.000Z,0.00375,0.01125,XBTUSD,2019-06-06T12:00:00.000Z
2000-01-01T08:00:00.000Z,0.00375,0.01125,XBTUSD,2019-06-06T04:00:00.000Z
2000-01-01T08:00:00.000Z,0.00375,0.01125,XBTUSD,2019-06-05T20:00:00.000Z
2000-01-01T08:00:00.000Z,0.002507,0.007521,XBTUSD,2019-06-05T12:00:00.000Z
2000-01-01T08:00:00.000Z,0.001209,0.003627,XBTUSD,2019-06-05T04:00:00.000Z
2000-01-01T08:00:00.000Z,0.000548,0.001644,XBTUSD,2019-06-04T20:00:00.000Z
2000-01-01T08:00:00.000Z,-0.000454,-0.001362,XBTUSD,2019-06-04T12:00:00.000Z
2000-01-01T08:00:00.000Z,-0.003372,-0.010116,XBTUSD,2019-06-04T04:00:00.000Z
2000-01-01T08:00:00.000Z,-0.000795,-0.002385,XBTUSD,2019-06-03T20:00:00.000Z
2000-01-01T08:00:00.000Z,-0.00133,-0.0039900000000000005,XBTUSD,2019-06-03T12:00:00.000Z
2000-01-01T08:00:00.000Z,-0.001158,-0.0034739999999999997,XBTUSD,2019-06-03T04:00:00.000Z
2000-01-01T08:00:00.000Z,-0.002078,-0.006234,XBTUSD,2019-06-02T20:00:00.000Z
2000-01-01T08:00:00.000Z,-0.000891,-0.002673,XBTUSD,2019-06-02T12:00:00.000Z
2000-01-01T08:00:00.000Z,-0.000187,-0.000561,XBTUSD,2019-06-02T04:00:00.000Z
2000-01-01T08:00:00.000Z,-0.000459,-0.001377,XBTUSD,2019-06-01T20:00:00.000Z
2000-01-01T08:00:00.000Z,0.000424,0.0012720000000000001,XBTUSD,2019-06-01T12:00:00.000Z
2000-01-01T08:00:00.000Z,0.00375,0.01125,XBTUSD,2019-06-01T04:00:00.000Z
2000-01-01T08:00:00.000Z,0.00375,0.01125,XBTUSD,2019-05-31T20:00:00.000Z
2000-01-01T08:00:00.000Z,0.00375,0.01125,XBTUSD,2019-05-31T12:00:00.000Z
2000-01-01T08:00:00.000Z,0.00111,0.0033300000000000005,XBTUSD,2019-05-31T04:00:00.000Z
2000-01-01T08:00:00.000Z,0.003225,0.009675,XBTUSD,2019-05-30T20:00:00.000Z
2000-01-01T08:00:00.000Z,0.00375,0.01125,XBTUSD,2019-05-30T12:00:00.000Z
2000-01-01T08:00:00.000Z,0.002628,0.007884,XBTUSD,2019-05-30T04:00:00.000Z
2000-01-01T08:00:00.000Z,0.003196,0.009588,XBTUSD,2019-05-29T20:00:00.000Z
2000-01-01T08:00:00.000Z,0.000732,0.002196,XBTUSD,2019-05-29T12:00:00.000Z
2000-01-01T08:00:00.000Z,0.0001,0.00030000000000000003,XBTUSD,2019-05-29T04:00:00.000Z
2000-01-01T08:00:00.000Z,0.0001,0.00030000000000000003,XBTUSD,2019-05-28T20:00:00.000Z
2000-01-01T08:00:00.000Z,-0.001253,-0.003759,XBTUSD,2019-05-28T12:00:00.000Z
2000-01-01T08:00:00.000Z,-0.002051,-0.006153,XBTUSD,2019-05-28T04:00:00.000Z
2000-01-01T08:00:00.000Z,-0.002812,-0.008435999999999999,XBTUSD,2019-05-27T20:00:00.000Z
2000-01-01T08:00:00.000Z,-0.002849,-0.008546999999999999,XBTUSD,2019-05-27T12:00:00.000Z
2000-01-01T08:00:00.000Z,0.000901,0.002703,XBTUSD,2019-05-27T04:00:00.000Z
2000-01-01T08:00:00.000Z,0.000906,0.002718,XBTUSD,2019-05-26T20:00:00.000Z
2000-01-01T08:00:00.000Z,0.000204,0.000612,XBTUSD,2019-05-26T12:00:00.000Z
2000-01-01T08:00:00.000Z,0.0001,0.00030000000000000003,XBTUSD,2019-05-26T04:00:00.000Z
2000-01-01T08:00:00.000Z,0.0001,0.00030000000000000003,XBTUSD,2019-05-25T20:00:00.000Z
2000-01-01T08:00:00.000Z,-0.000329,-0.000987,XBTUSD,2019-05-25T12:00:00.000Z
2000-01-01T08:00:00.000Z,-0.001039,-0.003117,XBTUSD,2019-05-25T04:00:00.000Z
2000-01-01T08:00:00.000Z,-0.001025,-0.0030750000000000005,XBTUSD,2019-05-24T20:00:00.000Z
2000-01-01T08:00:00.000Z,-0.000271,-0.0008129999999999999,XBTUSD,2019-05-24T12:00:00.000Z
2000-01-01T08:00:00.000Z,0.00173,0.00519,XBTUSD,2019-05-24T04:00:00.000Z
2000-01-01T08:00:00.000Z,0.00375,0.01125,XBTUSD,2019-05-23T20:00:00.000Z
2000-01-01T08:00:00.000Z,0.00163,0.00489,XBTUSD,2019-05-23T12:00:00.000Z
2000-01-01T08:00:00.000Z,0.001268,0.003804,XBTUSD,2019-05-23T04:00:00.000Z
2000-01-01T08:00:00.000Z,0.001794,0.005382,XBTUSD,2019-05-22T20:00:00.000Z
2000-01-01T08:00:00.000Z,0.00047,0.00141,XBTUSD,2019-05-22T12:00:00.000Z
2000-01-01T08:00:00.000Z,0.00128,0.0038400000000000005,XBTUSD,2019-05-22T04:00:00.000Z
2000-01-01T08:00:00.000Z,0.0,0.0,XBTUSD,2019-05-21T20:00:00.000Z
2000-01-01T08:00:00.000Z,-0.00375,-0.01125,XBTUSD,2019-05-21T12:00:00.000Z
2000-01-01T08:00:00.000Z,-0.00375,-0.01125,XBTUSD,2019-05-21T04:00:00.000Z
2000-01-01T08:00:00.000Z,-0.00335,-0.01005,XBTUSD,2019-05-20T20:00:00.000Z
2000-01-01T08:00:00.000Z,-0.00375,-0.01125,XBTUSD,2019-05-20T12:00:00.000Z
2000-01-01T08:00:00.000Z,-0.00375,-0.01125,XBTUSD,2019-05-20T04:00:00.000Z
2000-01-01T08:00:00.000Z,-0.00365,-0.01095,XBTUSD,2019-05-19T20:00:00.000Z
2000-01-01T08:00:00.000Z,0.0001,0.00030000000000000003,XBTUSD,2019-05-19T12:00:00.000Z
2000-01-01T08:00:00.000Z,0.002997,0.008991,XBTUSD,2019-05-19T04:00:00.000Z
2000-01-01T08:00:00.000Z,0.00375,0.01125,XBTUSD,2019-05-18T20:00:00.000Z
2000-01-01T08:00:00.000Z,0.00375,0.01125,XBTUSD,2019-05-18T12:00:00.000Z
2000-01-01T08:00:00.000Z,0.00375,0.01125,XBTUSD,2019-05-18T04:00:00.000Z
2000-01-01T08:00:00.000Z,0.002566,0.007698,XBTUSD,2019-05-17T20:00:00.000Z
2000-01-01T08:00:00.000Z,0.00375,0.01125,XBTUSD,2019-05-17T12:00:00.000Z
2000-01-01T08:00:00.000Z,0.00375,0.01125,XBTUSD,2019-05-17T04:00:00.000Z
2000-01-01T08:00:00.000Z,0.00375,0.01125,XBTUSD,2019-05-16T20:00:00.000Z
2000-01-01T08:00:00.000Z,0.0,0.0,XBTUSD,2019-05-16T12:00:00.000Z
2000-01-01T08:00:00.000Z,-0.00375,-0.01125,XBTUSD,2019-05-16T04:00:00.000Z
2000-01-01T08:00:00.000Z,0.0,0.0,XBTUSD,2019-05-15T20:00:00.000Z
2000-01-01T08:00:00.000Z,0.00375,0.01125,XBTUSD,2019-05-15T12:00:00.000Z
2000-01-01T08:00:00.000Z,0.0001,0.00030000000000000003,XBTUSD,2019-05-15T04:00:00.000Z
2000-01-01T08:00:00.000Z,-0.00365,-0.01095,XBTUSD,2019-05-14T20:00:00.000Z
2000-01-01T08:00:00.000Z,0.0001,0.00030000000000000003,XBTUSD,2019-05-14T12:00:00.000Z
2000-01-01T08:00:00.000Z,0.0,0.0,XBTUSD,2019-05-14T04:00:00.000Z
2000-01-01T08:00:00.000Z,0.00375,0.01125,XBTUSD,2019-05-13T20:00:00.000Z
2000-01-01T08:00:00.000Z,0.00375,0.01125,XBTUSD,2019-05-13T12:00:00.000Z
2000-01-01T08:00:00.000Z,0.00375,0.01125,XBTUSD,2019-05-13T04:00:00.000Z
2000-01-01T08:00:00.000Z,0.001015,0.003045,XBTUSD,2019-05-12T20:00:00.000Z
2000-01-01T08:00:00.000Z,0.0001,0.00030000000000000003,XBTUSD,2019-05-12T12:00:00.000Z
2000-01-01T08:00:00.000Z,-0.000693,-0.002079,XBTUSD,2019-05-12T04:00:00.000Z
2000-01-01T08:00:00.000Z,-0.00375,-0.01125,XBTUSD,2019-05-11T20:00:00.000Z
2000-01-01T08:00:00.000Z,-0.00375,-0.01125,XBTUSD,2019-05-11T12:00:00.000Z
2000-01-01T08:00:00.000Z,-0.002766,-0.008298,XBTUSD,2019-05-11T04:00:00.000Z
2000-01-01T08:00:00.000Z,0.000984,0.002952,XBTUSD,2019-05-10T20:00:00.000Z
2000-01-01T08:00:00.000Z,-0.002766,-0.008298,XBTUSD,2019-05-10T12:00:00.000Z
2000-01-01T08:00:00.000Z,-0.00375,-0.01125,XBTUSD,2019-05-10T04:00:00.000Z
2000-01-01T08:00:00.000Z,-0.00375,-0.01125,XBTUSD,2019-05-09T20:00:00.000Z
2000-01-01T08:00:00.000Z,-0.00375,-0.01125,XBTUSD,2019-05-09T12:00:00.000Z
2000-01-01T08:00:00.000Z,-0.000104,-0.000312,XBTUSD,2019-05-09T04:00:00.000Z
2000-01-01T08:00:00.000Z,0.0001,0.00030000000000000003,XBTUSD,2019-05-08T20:00:00.000Z
2000-01-01T08:00:00.000Z,-0.000919,-0.002757,XBTUSD,2019-05-08T12:00:00.000Z
2000-01-01T08:00:00.000Z,-0.002929,-0.008787,XBTUSD,2019-05-08T04:00:00.000Z
2000-01-01T08:00:00.000Z,-0.001787,-0.0053609999999999994,XBTUSD,2019-05-07T20:00:00.000Z
2000-01-01T08:00:00.000Z,0.0001,0.00030000000000000003,XBTUSD,2019-05-07T12:00:00.000Z
2000-01-01T08:00:00.000Z,0.003213,0.009639,XBTUSD,2019-05-07T04:00:00.000Z
2000-01-01T08:00:00.000Z,0.00375,0.01125,XBTUSD,2019-05-06T20:00:00.000Z
2000-01-01T08:00:00.000Z,0.001749,0.005247,XBTUSD,2019-05-06T12:00:00.000Z
2000-01-01T08:00:00.000Z,0.001169,0.0035069999999999997,XBTUSD,2019-05-06T04:00:00.000Z
2000-01-01T08:00:00.000Z,0.00375,0.01125,XBTUSD,2019-05-05T20:00:00.000Z
2000-01-01T08:00:00.000Z,0.002361,0.007082999999999999,XBTUSD,2019-05-05T12:00:00.000Z
2000-01-01T08:00:00.000Z,0.00375,0.01125,XBTUSD,2019-05-05T04:00:00.000Z
2000-01-01T08:00:00.000Z,0.00375,0.01125,XBTUSD,2019-05-04T20:00:00.000Z
2000-01-01T08:00:00.000Z,0.00375,0.01125,XBTUSD,2019-05-04T12:00:00.000Z
2000-01-01T08:00:00.000Z,0.002231,0.006692999999999999,XBTUSD,2019-05-04T04:00:00.000Z
2000-01-01T08:00:00.000Z,0.003641,0.010923,XBTUSD,2019-05-03T20:00:00.000Z
2000-01-01T08:00:00.000Z,0.000101,0.000303,XBTUSD,2019-05-03T12:00:00.000Z
2000-01-01T08:00:00.000Z,0.0001,0.00030000000000000003,XBTUSD,2019-05-03T04:00:00.000Z
2000-01-01T08:00:00.000Z,0.0001,0.00030000000000000003,XBTUSD,2019-05-02T20:00:00.000Z
2000-01-01T08:00:00.000Z,0.000553,0.0016589999999999999,XBTUSD,2019-05-02T12:00:00.000Z
2000-01-01T08:00:00.000Z,0.000903,0.002709,XBTUSD,2019-05-02T04:00:00.000Z
2000-01-01T08:00:00.000Z,0.001707,0.005121,XBTUSD,2019-05-01T20:00:00.000Z
2000-01-01T08:00:00.000Z,0.003036,0.009108,XBTUSD,2019-05-01T12:00:00.000Z
2000-01-01T08:00:00.000Z,0.0017,0.0050999999999999995,XBTUSD,2019-05-01T04:00:00.000Z
2000-01-01T08:00:00.000Z,-0.000436,-0.0013080000000000001,XBTUSD,2019-04-30T20:00:00.000Z
2000-01-01T08:00:00.000Z,0.0001,0.00030000000000000003,XBTUSD,2019-04-30T12:00:00.000Z
2000-01-01T08:00:00.000Z,0.000885,0.0026550000000000002,XBTUSD,2019-04-30T04:00:00.000Z
2000-01-01T08:00:00.000Z,0.001097,0.0032910000000000005,XBTUSD,2019-04-29T20:00:00.000Z
2000-01-01T08:00:00.000Z,0.001071,0.0032129999999999997,XBTUSD,2019-04-29T12:00:00.000Z
2000-01-01T08:00:00.000Z,0.001767,0.005301,XBTUSD,2019-04-29T04:00:00.000Z
2000-01-01T08:00:00.000Z,0.0001,0.00030000000000000003,XBTUSD,2019-04-28T20:00:00.000Z
2000-01-01T08:00:00.000Z,0.000395,0.001185,XBTUSD,2019-04-28T12:00:00.000Z
2000-01-01T08:00:00.000Z,0.001245,0.003735,XBTUSD,2019-04-28T04:00:00.000Z
2000-01-01T08:00:00.000Z,0.000372,0.001116,XBTUSD,2019-04-27T20:00:00.000Z
2000-01-01T08:00:00.000Z,0.001742,0.005226,XBTUSD,2019-04-27T12:00:00.000Z
2000-01-01T08:00:00.000Z,0.00375,0.01125,XBTUSD,2019-04-27T04:00:00.000Z
2000-01-01T08:00:00.000Z,0.00375,0.01125,XBTUSD,2019-04-26T20:00:00.000Z
2000-01-01T08:00:00.000Z,0.00375,0.01125,XBTUSD,2019-04-26T12:00:00.000Z
2000-01-01T08:00:00.000Z,0.00375,0.01125,XBTUSD,2019-04-26T04:00:00.000Z
2000-01-01T08:00:00.000Z,0.00375,0.01125,XBTUSD,2019-04-25T20:00:00.000Z
2000-01-01T08:00:00.000Z,0.00375,0.01125,XBTUSD,2019-04-25T12:00:00.000Z
2000-01-01T08:00:00.000Z,0.00375,0.01125,XBTUSD,2019-04-25T04:00:00.000Z
2000-01-01T08:00:00.000Z,0.00375,0.01125,XBTUSD,2019-04-24T20:00:00.000Z
2000-01-01T08:00:00.000Z,0.001346,0.004038,XBTUSD,2019-04-24T12:00:00.000Z
2000-01-01T08:00:00.000Z,-0.002404,-0.007212,XBTUSD,2019-04-24T04:00:00.000Z
2000-01-01T08:00:00.000Z,-0.00375,-0.01125,XBTUSD,2019-04-23T20:00:00.000Z
2000-01-01T08:00:00.000Z,-0.003323,-0.009969,XBTUSD,2019-04-23T12:00:00.000Z
2000-01-01T08:00:00.000Z,-0.003257,-0.009771,XBTUSD,2019-04-23T04:00:00.000Z
2000-01-01T08:00:00.000Z,-0.000505,-0.001515,XBTUSD,2019-04-22T20:00:00.000Z
2000-01-01T08:00:00.000Z,-5.8e-05,-0.000174,XBTUSD,2019-04-22T12:00:00.000Z
2000-01-01T08:00:00.000Z,0.0001,0.00030000000000000003,XBTUSD,2019-04-22T04:00:00.000Z
2000-01-01T08:00:00.000Z,-0.000278,-0.0008339999999999999,XBTUSD,2019-04-21T20:00:00.000Z
2000-01-01T08:00:00.000Z,0.0001,0.00030000000000000003,XBTUSD,2019-04-21T12:00:00.000Z
2000-01-01T08:00:00.000Z,-0.000215,-0.000645,XBTUSD,2019-04-21T04:00:00.000Z
2000-01-01T08:00:00.000Z,0.0001,0.00030000000000000003,XBTUSD,2019-04-20T20:00:00.000Z
2000-01-01T08:00:00.000Z,0.0001,0.00030000000000000003,XBTUSD,2019-04-20T12:00:00.000Z
2000-01-01T08:00:00.000Z,0.0001,0.00030000000000000003,XBTUSD,2019-04-20T04:00:00.000Z
2000-01-01T08:00:00.000Z,0.0001,0.00030000000000000003,XBTUSD,2019-04-19T20:00:00.000Z
2000-01-01T08:00:00.000Z,-5e-06,-1.5000000000000002e-05,XBTUSD,2019-04-19T12:00:00.000Z
2000-01-01T08:00:00.000Z,-0.000661,-0.001983,XBTUSD,2019-04-19T04:00:00.000Z
2000-01-01T08:00:00.000Z,0.0001,0.00030000000000000003,XBTUSD,2019-04-18T20:00:00.000Z
2000-01-01T08:00:00.000Z,0.0001,0.00030000000000000003,XBTUSD,2019-04-18T12:00:00.000Z
2000-01-01T08:00:00.000Z,0.0,0.0,XBTUSD,2019-04-18T04:00:00.000Z
2000-01-01T08:00:00.000Z,-0.00375,-0.01125,XBTUSD,2019-04-17T20:00:00.000Z
2000-01-01T08:00:00.000Z,-0.003061,-0.009183,XBTUSD,2019-04-17T12:00:00.000Z
2000-01-01T08:00:00.000Z,-0.002099,-0.0062970000000000005,XBTUSD,2019-04-17T04:00:00.000Z
2000-01-01T08:00:00.000Z,0.001618,0.004854000000000001,XBTUSD,2019-04-16T20:00:00.000Z
2000-01-01T08:00:00.000Z,-0.000469,-0.001407,XBTUSD,2019-04-16T12:00:00.000Z
2000-01-01T08:00:00.000Z,-0.001983,-0.005948999999999999,XBTUSD,2019-04-16T04:00:00.000Z
2000-01-01T08:00:00.000Z,-0.001759,-0.005277,XBTUSD,2019-04-15T20:00:00.000Z
2000-01-01T08:00:00.000Z,-0.00178,-0.005339999999999999,XBTUSD,2019-04-15T12:00:00.000Z
2000-01-01T08:00:00.000Z,-0.002222,-0.006666,XBTUSD,2019-04-15T04:00:00.000Z
2000-01-01T08:00:00.000Z,-0.00375,-0.01125,XBTUSD,2019-04-14T20:00:00.000Z
2000-01-01T08:00:00.000Z,-0.00375,-0.01125,XBTUSD,2019-04-14T12:00:00.000Z
2000-01-01T08:00:00.000Z,-0.00375,-0.01125,XBTUSD,2019-04-14T04:00:00.000Z
2000-01-01T08:00:00.000Z,-0.002724,-0.008171999999999999,XBTUSD,2019-04-13T20:00:00.000Z
2000-01-01T08:00:00.000Z,-0.003541,-0.010623,XBTUSD,2019-04-13T12:00:00.000Z
2000-01-01T08:00:00.000Z,0.000209,0.0006270000000000001,XBTUSD,2019-04-13T04:00:00.000Z
2000-01-01T08:00:00.000Z,0.001907,0.005721,XBTUSD,2019-04-12T20:00:00.000Z
2000-01-01T08:00:00.000Z,0.00254,0.00762,XBTUSD,2019-04-12T12:00:00.000Z
2000-01-01T08:00:00.000Z,0.00375,0.01125,XBTUSD,2019-04-12T04:00:00.000Z
2000-01-01T08:00:00.000Z,0.00375,0.01125,XBTUSD,2019-04-11T20:00:00.000Z
2000-01-01T08:00:00.000Z,0.0001,0.00030000000000000003,XBTUSD,2019-04-11T12:00:00.000Z
2000-01-01T08:00:00.000Z,0.000874,0.002622,XBTUSD,2019-04-11T04:00:00.000Z
2000-01-01T08:00:00.000Z,0.002741,0.008223,XBTUSD,2019-04-10T20:00:00.000Z
2000-01-01T08:00:00.000Z,0.002993,0.008979000000000001,XBTUSD,2019-04-10T12:00:00.000Z
2000-01-01T08:00:00.000Z,0.00375,0.01125,XBTUSD,2019-04-10T04:00:00.000Z
2000-01-01T08:00:00.000Z,0.00375,0.01125,XBTUSD,2019-04-09T20:00:00.000Z
2000-01-01T08:00:00.000Z,0.00375,0.01125,XBTUSD,2019-04-09T12:00:00.000Z
2000-01-01T08:00:00.000Z,0.00375,0.01125,XBTUSD,2019-04-09T04:00:00.000Z
2000-01-01T08:00:00.000Z,0.00375,0.01125,XBTUSD,2019-04-08T20:00:00.000Z
2000-01-01T08:00:00.000Z,0.0,0.0,XBTUSD,2019-04-08T12:00:00.000Z
2000-01-01T08:00:00.000Z,0.00375,0.01125,XBTUSD,2019-04-08T04:00:00.000Z
2000-01-01T08:00:00.000Z,0.00375,0.01125,XBTUSD,2019-04-07T20:00:00.000Z
2000-01-01T08:00:00.000Z,0.00375,0.01125,XBTUSD,2019-04-07T12:00:00.000Z
2000-01-01T08:00:00.000Z,0.00375,0.01125,XBTUSD,2019-04-07T04:00:00.000Z
2000-01-01T08:00:00.000Z,0.00375,0.01125,XBTUSD,2019-04-06T20:00:00.000Z
2000-01-01T08:00:00.000Z,0.00375,0.01125,XBTUSD,2019-04-06T12:00:00.000Z
2000-01-01T08:00:00.000Z,0.00375,0.01125,XBTUSD,2019-04-06T04:00:00.000Z
2000-01-01T08:00:00.000Z,0.00375,0.01125,XBTUSD,2019-04-05T20:00:00.000Z
2000-01-01T08:00:00.000Z,0.00375,0.01125,XBTUSD,2019-04-05T12:00:00.000Z
2000-01-01T08:00:00.000Z,0.00375,0.01125,XBTUSD,2019-04-05T04:00:00.000Z
2000-01-01T08:00:00.000Z,0.001015,0.003045,XBTUSD,2019-04-04T20:00:00.000Z
2000-01-01T08:00:00.000Z,-0.002735,-0.008205,XBTUSD,2019-04-04T12:00:00.000Z
2000-01-01T08:00:00.000Z,-0.002875,-0.008625,XBTUSD,2019-04-04T04:00:00.000Z
2000-01-01T08:00:00.000Z,-0.002651,-0.007953,XBTUSD,2019-04-03T20:00:00.000Z
2000-01-01T08:00:00.000Z,-0.00375,-0.01125,XBTUSD,2019-04-03T12:00:00.000Z
2000-01-01T08:00:00.000Z,-0.00375,-0.01125,XBTUSD,2019-04-03T04:00:00.000Z
2000-01-01T08:00:00.000Z,-0.00375,-0.01125,XBTUSD,2019-04-02T20:00:00.000Z
2000-01-01T08:00:00.000Z,-0.000506,-0.0015180000000000003,XBTUSD,2019-04-02T12:00:00.000Z
2000-01-01T08:00:00.000Z,0.0001,0.00030000000000000003,XBTUSD,2019-04-02T04:00:00.000Z
2000-01-01T08:00:00.000Z,-0.000849,-0.0025470000000000002,XBTUSD,2019-04-01T20:00:00.000Z
2000-01-01T08:00:00.000Z,-0.001605,-0.004815,XBTUSD,2019-04-01T12:00:00.000Z
2000-01-01T08:00:00.000Z,-0.000842,-0.002526,XBTUSD,2019-04-01T04:00:00.000Z
2000-01-01T08:00:00.000Z,-0.001007,-0.0030210000000000002,XBTUSD,2019-03-31T20:00:00.000Z
2000-01-01T08:00:00.000Z,-0.000424,-0.0012720000000000001,XBTUSD,2019-03-31T12:00:00.000Z
2000-01-01T08:00:00.000Z,-0.001358,-0.004074,XBTUSD,2019-03-31T04:00:00.000Z
2000-01-01T08:00:00.000Z,-0.000829,-0.002487,XBTUSD,2019-03-30T20:00:00.000Z
2000-01-01T08:00:00.000Z,-0.000886,-0.0026579999999999998,XBTUSD,2019-03-30T12:00:00.000Z
2000-01-01T08:00:00.000Z,-0.002375,-0.007124999999999999,XBTUSD,2019-03-30T04:00:00.000Z
2000-01-01T08:00:00.000Z,-0.001234,-0.0037020000000000004,XBTUSD,2019-03-29T20:00:00.000Z
2000-01-01T08:00:00.000Z,-0.001065,-0.003195,XBTUSD,2019-03-29T12:00:00.000Z
2000-01-01T08:00:00.000Z,-0.002649,-0.007947,XBTUSD,2019-03-29T04:00:00.000Z
2000-01-01T08:00:00.000Z,-0.002626,-0.007878,XBTUSD,2019-03-28T20:00:00.000Z
2000-01-01T08:00:00.000Z,-0.00375,-0.01125,XBTUSD,2019-03-28T12:00:00.000Z
2000-01-01T08:00:00.000Z,-0.00375,-0.01125,XBTUSD,2019-03-28T04:00:00.000Z
2000-01-01T08:00:00.000Z,-0.003364,-0.010092,XBTUSD,2019-03-27T20:00:00.000Z
2000-01-01T08:00:00.000Z,-8.9e-05,-0.000267,XBTUSD,2019-03-27T12:00:00.000Z
2000-01-01T08:00:00.000Z,0.0001,0.00030000000000000003,XBTUSD,2019-03-27T04:00:00.000Z
2000-01-01T08:00:00.000Z,0.0001,0.00030000000000000003,XBTUSD,2019-03-26T20:00:00.000Z
2000-01-01T08:00:00.000Z,0.0001,0.00030000000000000003,XBTUSD,2019-03-26T12:00:00.000Z
2000-01-01T08:00:00.000Z,-0.001187,-0.003561,XBTUSD,2019-03-26T04:00:00.000Z
2000-01-01T08:00:00.000Z,0.000127,0.000381,XBTUSD,2019-03-25T20:00:00.000Z
2000-01-01T08:00:00.000Z,0.0001,0.00030000000000000003,XBTUSD,2019-03-25T12:00:00.000Z
2000-01-01T08:00:00.000Z,-0.000947,-0.002841,XBTUSD,2019-03-25T04:00:00.000Z
2000-01-01T08:00:00.000Z,-0.002141,-0.006423,XBTUSD,2019-03-24T20:00:00.000Z
2000-01-01T08:00:00.000Z,-0.000937,-0.002811,XBTUSD,2019-03-24T12:00:00.000Z
2000-01-01T08:00:00.000Z,0.0001,0.00030000000000000003,XBTUSD,2019-03-24T04:00:00.000Z
2000-01-01T08:00:00.000Z,0.0001,0.00030000000000000003,XBTUSD,2019-03-23T20:00:00.000Z
2000-01-01T08:00:00.000Z,-0.000124,-0.00037200000000000004,XBTUSD,2019-03-23T12:00:00.000Z
2000-01-01T08:00:00.000Z,-0.000941,-0.002823,XBTUSD,2019-03-23T04:00:00.000Z
2000-01-01T08:00:00.000Z,-0.001414,-0.004241999999999999,XBTUSD,2019-03-22T20:00:00.000Z
2000-01-01T08:00:00.000Z,-0.003433,-0.010298999999999999,XBTUSD,2019-03-22T12:00:00.000Z
2000-01-01T08:00:00.000Z,-0.00375,-0.01125,XBTUSD,2019-03-22T04:00:00.000Z
2000-01-01T08:00:00.000Z,-0.00375,-0.01125,XBTUSD,2019-03-21T20:00:00.000Z
2000-01-01T08:00:00.000Z,-0.00375,-0.01125,XBTUSD,2019-03-21T12:00:00.000Z
2000-01-01T08:00:00.000Z,-0.002986,-0.008958,XBTUSD,2019-03-21T04:00:00.000Z
2000-01-01T08:00:00.000Z,-0.000401,-0.001203,XBTUSD,2019-03-20T20:00:00.000Z
2000-01-01T08:00:00.000Z,-0.000626,-0.0018780000000000001,XBTUSD,2019-03-20T12:00:00.000Z
2000-01-01T08:00:00.000Z,-0.001321,-0.0039629999999999995,XBTUSD,2019-03-20T04:00:00.000Z
2000-01-01T08:00:00.000Z,-0.000588,-0.001764,XBTUSD,2019-03-19T20:00:00.000Z
2000-01-01T08:00:00.000Z,-0.000687,-0.002061,XBTUSD,2019-03-19T12:00:00.000Z
2000-01-01T08:00:00.000Z,-0.00375,-0.01125,XBTUSD,2019-03-19T04:00:00.000Z
2000-01-01T08:00:00.000Z,-0.002612,-0.007836000000000001,XBTUSD,2019-03-18T20:00:00.000Z
2000-01-01T08:00:00.000Z,-0.003549,-0.010647,XBTUSD,2019-03-18T12:00:00.000Z
2000-01-01T08:00:00.000Z,-0.003341,-0.010022999999999999,XBTUSD,2019-03-18T04:00:00.000Z
2000-01-01T08:00:00.000Z,-0.001881,-0.0056430000000000004,XBTUSD,2019-03-17T20:00:00.000Z
2000-01-01T08:00:00.000Z,0.0001,0.00030000000000000003,XBTUSD,2019-03-17T12:00:00.000Z
2000-01-01T08:00:00.000Z,0.0,0.0,XBTUSD,2019-03-17T04:00:00.000Z
2000-01-01T08:00:00.000Z,-0.00375,-0.01125,XBTUSD,2019-03-16T20:00:00.000Z
2000-01-01T08:00:00.000Z,-0.001451,-0.004353,XBTUSD,2019-03-16T12:00:00.000Z
2000-01-01T08:00:00.000Z,-0.002314,-0.006942,XBTUSD,2019-03-16T04:00:00.000Z
2000-01-01T08:00:00.000Z,0.0001,0.00030000000000000003,XBTUSD,2019-03-15T20:00:00.000Z
2000-01-01T08:00:00.000Z,0.0001,0.00030000000000000003,XBTUSD,2019-03-15T12:00:00.000Z
2000-01-01T08:00:00.000Z,-0.00033,-0.00099,XBTUSD,2019-03-15T04:00:00.000Z
2000-01-01T08:00:00.000Z,-0.002673,-0.008019,XBTUSD,2019-03-14T20:00:00.000Z
2000-01-01T08:00:00.000Z,-0.002999,-0.008997,XBTUSD,2019-03-14T12:00:00.000Z
2000-01-01T08:00:00.000Z,-0.00161,-0.00483,XBTUSD,2019-03-14T04:00:00.000Z
2000-01-01T08:00:00.000Z,0.001289,0.0038669999999999998,XBTUSD,2019-03-13T20:00:00.000Z
2000-01-01T08:00:00.000Z,-0.000391,-0.001173,XBTUSD,2019-03-13T12:00:00.000Z
2000-01-01T08:00:00.000Z,0.0001,0.00030000000000000003,XBTUSD,2019-03-13T04:00:00.000Z
2000-01-01T08:00:00.000Z,0.001977,0.0059310000000000005,XBTUSD,2019-03-12T20:00:00.000Z
2000-01-01T08:00:00.000Z,0.001254,0.0037619999999999997,XBTUSD,2019-03-12T12:00:00.000Z
2000-01-01T08:00:00.000Z,0.0001,0.00030000000000000003,XBTUSD,2019-03-12T04:00:00.000Z
2000-01-01T08:00:00.000Z,0.0001,0.00030000000000000003,XBTUSD,2019-03-11T20:00:00.000Z
2000-01-01T08:00:00.000Z,0.0001,0.00030000000000000003,XBTUSD,2019-03-11T12:00:00.000Z
2000-01-01T08:00:00.000Z,0.0001,0.00030000000000000003,XBTUSD,2019-03-11T04:00:00.000Z
2000-01-01T08:00:00.000Z,-0.000309,-0.0009269999999999999,XBTUSD,2019-03-10T20:00:00.000Z
2000-01-01T08:00:00.000Z,-0.003115,-0.009345000000000001,XBTUSD,2019-03-10T12:00:00.000Z
2000-01-01T08:00:00.000Z,-0.00375,-0.01125,XBTUSD,2019-03-10T04:00:00.000Z
2000-01-01T08:00:00.000Z,-0.00235,-0.007050000000000001,XBTUSD,2019-03-09T20:00:00.000Z
2000-01-01T08:00:00.000Z,-0.002134,-0.006402,XBTUSD,2019-03-09T12:00:00.000Z
2000-01-01T08:00:00.000Z,-0.003583,-0.010749,XBTUSD,2019-03-09T04:00:00.000Z
2000-01-01T08:00:00.000Z,-0.001593,-0.004779,XBTUSD,2019-03-08T20:00:00.000Z
2000-01-01T08:00:00.000Z,-0.001043,-0.0031290000000000003,XBTUSD,2019-03-08T12:00:00.000Z
2000-01-01T08:00:00.000Z,-0.001279,-0.003837,XBTUSD,2019-03-08T04:00:00.000Z
2000-01-01T08:00:00.000Z,-0.000108,-0.00032399999999999996,XBTUSD,2019-03-07T20:00:00.000Z
2000-01-01T08:00:00.000Z,-0.000166,-0.000498,XBTUSD,2019-03-07T12:00:00.000Z
2000-01-01T08:00:00.000Z,-0.002505,-0.007514999999999999,XBTUSD,2019-03-07T04:00:00.000Z
2000-01-01T08:00:00.000Z,-0.003347,-0.010041000000000001,XBTUSD,2019-03-06T20:00:00.000Z
2000-01-01T08:00:00.000Z,-0.00375,-0.01125,XBTUSD,2019-03-06T12:00:00.000Z
2000-01-01T08:00:00.000Z,0.0,0.0,XBTUSD,2019-03-06T04:00:00.000Z
2000-01-01T08:00:00.000Z,0.00375,0.01125,XBTUSD,2019-03-05T20:00:00.000Z
2000-01-01T08:00:00.000Z,0.00375,0.01125,XBTUSD,2019-03-05T12:00:00.000Z
2000-01-01T08:00:00.000Z,0.00375,0.01125,XBTUSD,2019-03-05T04:00:00.000Z
2000-01-01T08:00:00.000Z,0.002116,0.0063479999999999995,XBTUSD,2019-03-04T20:00:00.000Z
2000-01-01T08:00:00.000Z,0.000537,0.001611,XBTUSD,2019-03-04T12:00:00.000Z
2000-01-01T08:00:00.000Z,0.000402,0.001206,XBTUSD,2019-03-04T04:00:00.000Z
2000-01-01T08:00:00.000Z,0.0001,0.00030000000000000003,XBTUSD,2019-03-03T20:00:00.000Z
2000-01-01T08:00:00.000Z,0.0001,0.00030000000000000003,XBTUSD,2019-03-03T12:00:00.000Z
2000-01-01T08:00:00.000Z,0.0001,0.00030000000000000003,XBTUSD,2019-03-03T04:00:00.000Z
2000-01-01T08:00:00.000Z,0.00136,0.00408,XBTUSD,2019-03-02T20:00:00.000Z
2000-01-01T08:00:00.000Z,0.0001,0.00030000000000000003,XBTUSD,2019-03-02T12:00:00.000Z
2000-01-01T08:00:00.000Z,-0.001621,-0.004863,XBTUSD,2019-03-02T04:00:00.000Z
2000-01-01T08:00:00.000Z,0.000396,0.0011879999999999998,XBTUSD,2019-03-01T20:00:00.000Z
2000-01-01T08:00:00.000Z,0.001839,0.005516999999999999,XBTUSD,2019-03-01T12:00:00.000Z
2000-01-01T08:00:00.000Z,0.0001,0.00030000000000000003,XBTUSD,2019-03-01T04:00:00.000Z
2000-01-01T08:00:00.000Z,0.000397,0.001191,XBTUSD,2019-02-28T20:00:00.000Z
2000-01-01T08:00:00.000Z,0.002667,0.008001000000000001,XBTUSD,2019-02-28T12:00:00.000Z
2000-01-01T08:00:00.000Z,0.002885,0.008655,XBTUSD,2019-02-28T04:00:00.000Z
2000-01-01T08:00:00.000Z,0.00335,0.01005,XBTUSD,2019-02-27T20:00:00.000Z
2000-01-01T08:00:00.000Z,0.00375,0.01125,XBTUSD,2019-02-27T12:00:00.000Z
2000-01-01T08:00:00.000Z,0.003102,0.009306,XBTUSD,2019-02-27T04:00:00.000Z
2000-01-01T08:00:00.000Z,0.00375,0.01125,XBTUSD,2019-02-26T20:00:00.000Z
2000-01-01T08:00:00.000Z,0.002007,0.006021,XBTUSD,2019-02-26T12:00:00.000Z
2000-01-01T08:00:00.000Z,0.002782,0.008346000000000001,XBTUSD,2019-02-26T04:00:00.000Z
2000-01-01T08:00:00.000Z,0.003205,0.009615,XBTUSD,2019-02-25T20:00:00.000Z
2000-01-01T08:00:00.000Z,0.002217,0.006650999999999999,XBTUSD,2019-02-25T12:00:00.000Z
2000-01-01T08:00:00.000Z,-0.001533,-0.004599000000000001,XBTUSD,2019-02-25T04:00:00.000Z
2000-01-01T08:00:00.000Z,-0.00375,-0.01125,XBTUSD,2019-02-24T20:00:00.000Z
2000-01-01T08:00:00.000Z,-0.00375,-0.01125,XBTUSD,2019-02-24T12:00:00.000Z
2000-01-01T08:00:00.000Z,-0.00375,-0.01125,XBTUSD,2019-02-24T04:00:00.000Z
2000-01-01T08:00:00.000Z,-0.002866,-0.008598,XBTUSD,2019-02-23T20:00:00.000Z
2000-01-01T08:00:00.000Z,-0.00375,-0.01125,XBTUSD,2019-02-23T12:00:00.000Z
2000-01-01T08:00:00.000Z,-0.003684,-0.011052000000000001,XBTUSD,2019-02-23T04:00:00.000Z
2000-01-01T08:00:00.000Z,0.0,0.0,XBTUSD,2019-02-22T20:00:00.000Z
2000-01-01T08:00:00.000Z,0.00375,0.01125,XBTUSD,2019-02-22T12:00:00.000Z
2000-01-01T08:00:00.000Z,0.00375,0.01125,XBTUSD,2019-02-22T04:00:00.000Z
2000-01-01T08:00:00.000Z,0.000756,0.002268,XBTUSD,2019-02-21T20:00:00.000Z
2000-01-01T08:00:00.000Z,0.000297,0.0008910000000000001,XBTUSD,2019-02-21T12:00:00.000Z
2000-01-01T08:00:00.000Z,-0.003096,-0.009288,XBTUSD,2019-02-21T04:00:00.000Z
2000-01-01T08:00:00.000Z,-0.00375,-0.01125,XBTUSD,2019-02-20T20:00:00.000Z
2000-01-01T08:00:00.000Z,-0.00375,-0.01125,XBTUSD,2019-02-20T12:00:00.000Z
2000-01-01T08:00:00.000Z,-0.00375,-0.01125,XBTUSD,2019-02-20T04:00:00.000Z
2000-01-01T08:00:00.000Z,-0.00375,-0.01125,XBTUSD,2019-02-19T20:00:00.000Z
2000-01-01T08:00:00.000Z,-0.00375,-0.01125,XBTUSD,2019-02-19T12:00:00.000Z
2000-01-01T08:00:00.000Z,-0.00375,-0.01125,XBTUSD,2019-02-19T04:00:00.000Z
2000-01-01T08:00:00.000Z,-0.00375,-0.01125,XBTUSD,2019-02-18T20:00:00.000Z
2000-01-01T08:00:00.000Z,-0.003091,-0.009273,XBTUSD,2019-02-18T12:00:00.000Z
2000-01-01T08:00:00.000Z,0.000659,0.001977,XBTUSD,2019-02-18T04:00:00.000Z
2000-01-01T08:00:00.000Z,-0.001766,-0.005298,XBTUSD,2019-02-17T20:00:00.000Z
2000-01-01T08:00:00.000Z,-0.001623,-0.004869,XBTUSD,2019-02-17T12:00:00.000Z
2000-01-01T08:00:00.000Z,-0.00235,-0.007050000000000001,XBTUSD,2019-02-17T04:00:00.000Z
2000-01-01T08:00:00.000Z,-0.000455,-0.001365,XBTUSD,2019-02-16T20:00:00.000Z
2000-01-01T08:00:00.000Z,0.0001,0.00030000000000000003,XBTUSD,2019-02-16T12:00:00.000Z
2000-01-01T08:00:00.000Z,-0.000577,-0.0017310000000000001,XBTUSD,2019-02-16T04:00:00.000Z
2000-01-01T08:00:00.000Z,-0.001651,-0.004953,XBTUSD,2019-02-15T20:00:00.000Z
2000-01-01T08:00:00.000Z,-0.002183,-0.006549,XBTUSD,2019-02-15T12:00:00.000Z
2000-01-01T08:00:00.000Z,-0.001827,-0.005481,XBTUSD,2019-02-15T04:00:00.000Z
2000-01-01T08:00:00.000Z,-0.00375,-0.01125,XBTUSD,2019-02-14T20:00:00.000Z
2000-01-01T08:00:00.000Z,-0.00375,-0.01125,XBTUSD,2019-02-14T12:00:00.000Z
2000-01-01T08:00:00.000Z,-0.00375,-0.01125,XBTUSD,2019-02-14T04:00:00.000Z
2000-01-01T08:00:00.000Z,-0.00375,-0.01125,XBTUSD,2019-02-13T20:00:00.000Z
2000-01-01T08:00:00.000Z,-0.00375,-0.01125,XBTUSD,2019-02-13T12:00:00.000Z
2000-01-01T08:00:00.000Z,-0.003729,-0.011187,XBTUSD,2019-02-13T04:00:00.000Z
2000-01-01T08:00:00.000Z,2.1e-05,6.3e-05,XBTUSD,2019-02-12T20:00:00.000Z
2000-01-01T08:00:00.000Z,-0.00214,-0.00642,XBTUSD,2019-02-12T12:00:00.000Z
2000-01-01T08:00:00.000Z,-0.00375,-0.01125,XBTUSD,2019-02-12T04:00:00.000Z
2000-01-01T08:00:00.000Z,-0.00375,-0.01125,XBTUSD,2019-02-11T20:00:00.000Z
2000-01-01T08:00:00.000Z,-0.00375,-0.01125,XBTUSD,2019-02-11T12:00:00.000Z
2000-01-01T08:00:00.000Z,-0.002843,-0.008529,XBTUSD,2019-02-11T04:00:00.000Z
2000-01-01T08:00:00.000Z,-0.00375,-0.01125,XBTUSD,2019-02-10T20:00:00.000Z
2000-01-01T08:00:00.000Z,-0.00375,-0.01125,XBTUSD,2019-02-10T12:00:00.000Z
2000-01-01T08:00:00.000Z,-0.00375,-0.01125,XBTUSD,2019-02-10T04:00:00.000Z
2000-01-01T08:00:00.000Z,-0.00375,-0.01125,XBTUSD,2019-02-09T20:00:00.000Z
2000-01-01T08:00:00.000Z,-0.00375,-0.01125,XBTUSD,2019-02-09T12:00:00.000Z
2000-01-01T08:00:00.000Z,-0.00375,-0.01125,XBTUSD,2019-02-09T04:00:00.000Z
2000-01-01T08:00:00.000Z,-0.00138,-0.00414,XBTUSD,2019-02-08T20:00:00.000Z
2000-01-01T08:00:00.000Z,-0.00048,-0.00144,XBTUSD,2019-02-08T12:00:00.000Z
2000-01-01T08:00:00.000Z,0.000126,0.00037799999999999997,XBTUSD,2019-02-08T04:00:00.000Z
2000-01-01T08:00:00.000Z,0.001543,0.004629,XBTUSD,2019-02-07T20:00:00.000Z
2000-01-01T08:00:00.000Z,0.002464,0.007392,XBTUSD,2019-02-07T12:00:00.000Z
2000-01-01T08:00:00.000Z,0.002912,0.008736,XBTUSD,2019-02-07T04:00:00.000Z
2000-01-01T08:00:00.000Z,0.001906,0.005718,XBTUSD,2019-02-06T20:00:00.000Z
2000-01-01T08:00:00.000Z,0.001155,0.003465,XBTUSD,2019-02-06T12:00:00.000Z
2000-01-01T08:00:00.000Z,0.0001,0.00030000000000000003,XBTUSD,2019-02-06T04:00:00.000Z
2000-01-01T08:00:00.000Z,0.0001,0.00030000000000000003,XBTUSD,2019-02-05T20:00:00.000Z
2000-01-01T08:00:00.000Z,0.000176,0.000528,XBTUSD,2019-02-05T12:00:00.000Z
2000-01-01T08:00:00.000Z,0.000913,0.002739,XBTUSD,2019-02-05T04:00:00.000Z
2000-01-01T08:00:00.000Z,0.001085,0.003255,XBTUSD,2019-02-04T20:00:00.000Z
2000-01-01T08:00:00.000Z,0.000511,0.0015329999999999999,XBTUSD,2019-02-04T12:00:00.000Z
2000-01-01T08:00:00.000Z,0.0001,0.00030000000000000003,XBTUSD,2019-02-04T04:00:00.000Z
2000-01-01T08:00:00.000Z,-0.000719,-0.002157,XBTUSD,2019-02-03T20:00:00.000Z
2000-01-01T08:00:00.000Z,-0.0016,-0.0048000000000000004,XBTUSD,2019-02-03T12:00:00.000Z
2000-01-01T08:00:00.000Z,-0.000352,-0.001056,XBTUSD,2019-02-03T04:00:00.000Z
2000-01-01T08:00:00.000Z,-0.002165,-0.006494999999999999,XBTUSD,2019-02-02T20:00:00.000Z
2000-01-01T08:00:00.000Z,-0.001952,-0.005856,XBTUSD,2019-02-02T12:00:00.000Z
2000-01-01T08:00:00.000Z,-0.001681,-0.005043,XBTUSD,2019-02-02T04:00:00.000Z
2000-01-01T08:00:00.000Z,-9.5e-05,-0.000285,XBTUSD,2019-02-01T20:00:00.000Z
2000-01-01T08:00:00.000Z,-0.000532,-0.0015960000000000002,XBTUSD,2019-02-01T12:00:00.000Z
2000-01-01T08:00:00.000Z,-0.001163,-0.003489,XBTUSD,2019-02-01T04:00:00.000Z
2000-01-01T08:00:00.000Z,-0.00223,-0.006690000000000001,XBTUSD,2019-01-31T20:00:00.000Z
2000-01-01T08:00:00.000Z,-0.000432,-0.0012959999999999998,XBTUSD,2019-01-31T12:00:00.000Z
2000-01-01T08:00:00.000Z,-0.001391,-0.0041730000000000005,XBTUSD,2019-01-31T04:00:00.000Z
2000-01-01T08:00:00.000Z,-0.001152,-0.003456,XBTUSD,2019-01-30T20:00:00.000Z
2000-01-01T08:00:00.000Z,-0.000731,-0.002193,XBTUSD,2019-01-30T12:00:00.000Z
2000-01-01T08:00:00.000Z,-0.001135,-0.003405,XBTUSD,2019-01-30T04:00:00.000Z
2000-01-01T08:00:00.000Z,0.0001,0.00030000000000000003,XBTUSD,2019-01-29T20:00:00.000Z
2000-01-01T08:00:00.000Z,0.00375,0.01125,XBTUSD,2019-01-29T12:00:00.000Z
2000-01-01T08:00:00.000Z,0.003014,0.009042000000000001,XBTUSD,2019-01-29T04:00:00.000Z
2000-01-01T08:00:00.000Z,0.00026,0.0007799999999999999,XBTUSD,2019-01-28T20:00:00.000Z
2000-01-01T08:00:00.000Z,0.000636,0.001908,XBTUSD,2019-01-28T12:00:00.000Z
2000-01-01T08:00:00.000Z,-0.000582,-0.0017460000000000002,XBTUSD,2019-01-28T04:00:00.000Z
2000-01-01T08:00:00.000Z,-0.000331,-0.000993,XBTUSD,2019-01-27T20:00:00.000Z
2000-01-01T08:00:00.000Z,-0.000856,-0.002568,XBTUSD,2019-01-27T12:00:00.000Z
2000-01-01T08:00:00.000Z,-0.002624,-0.007872,XBTUSD,2019-01-27T04:00:00.000Z
2000-01-01T08:00:00.000Z,-0.001936,-0.005808,XBTUSD,2019-01-26T20:00:00.000Z
2000-01-01T08:00:00.000Z,0.0001,0.00030000000000000003,XBTUSD,2019-01-26T12:00:00.000Z
2000-01-01T08:00:00.000Z,0.001116,0.0033480000000000003,XBTUSD,2019-01-26T04:00:00.000Z
2000-01-01T08:00:00.000Z,0.000788,0.0023639999999999998,XBTUSD,2019-01-25T20:00:00.000Z
2000-01-01T08:00:00.000Z,0.0001,0.00030000000000000003,XBTUSD,2019-01-25T12:00:00.000Z
2000-01-01T08:00:00.000Z,-0.000315,-0.0009450000000000001,XBTUSD,2019-01-25T04:00:00.000Z
2000-01-01T08:00:00.000Z,-0.001975,-0.005925000000000001,XBTUSD,2019-01-24T20:00:00.000Z
2000-01-01T08:00:00.000Z,-0.003508,-0.010523999999999999,XBTUSD,2019-01-24T12:00:00.000Z
2000-01-01T08:00:00.000Z,-0.003679,-0.011037,XBTUSD,2019-01-24T04:00:00.000Z
2000-01-01T08:00:00.000Z,-0.00375,-0.01125,XBTUSD,2019-01-23T20:00:00.000Z
2000-01-01T08:00:00.000Z,-0.00375,-0.01125,XBTUSD,2019-01-23T12:00:00.000Z
2000-01-01T08:00:00.000Z,-0.00375,-0.01125,XBTUSD,2019-01-23T04:00:00.000Z
2000-01-01T08:00:00.000Z,-0.00375,-0.01125,XBTUSD,2019-01-22T20:00:00.000Z
2000-01-01T08:00:00.000Z,-0.00375,-0.01125,XBTUSD,2019-01-22T12:00:00.000Z
2000-01-01T08:00:00.000Z,-0.00375,-0.01125,XBTUSD,2019-01-22T04:00:00.000Z
2000-01-01T08:00:00.000Z,-0.001762,-0.005286,XBTUSD,2019-01-21T20:00:00.000Z
2000-01-01T08:00:00.000Z,-0.001199,-0.003597,XBTUSD,2019-01-21T12:00:00.000Z
2000-01-01T08:00:00.000Z,-0.001881,-0.0056430000000000004,XBTUSD,2019-01-21T04:00:00.000Z
2000-01-01T08:00:00.000Z,-0.00375,-0.01125,XBTUSD,2019-01-20T20:00:00.000Z
2000-01-01T08:00:00.000Z,-0.00375,-0.01125,XBTUSD,2019-01-20T12:00:00.000Z
2000-01-01T08:00:00.000Z,-0.002998,-0.008993999999999999,XBTUSD,2019-01-20T04:00:00.000Z
2000-01-01T08:00:00.000Z,-0.001119,-0.0033569999999999997,XBTUSD,2019-01-19T20:00:00.000Z
2000-01-01T08:00:00.000Z,-0.000414,-0.001242,XBTUSD,2019-01-19T12:00:00.000Z
2000-01-01T08:00:00.000Z,-0.00116,-0.00348,XBTUSD,2019-01-19T04:00:00.000Z
2000-01-01T08:00:00.000Z,-0.0009,-0.0027,XBTUSD,2019-01-18T20:00:00.000Z
2000-01-01T08:00:00.000Z,-0.001913,-0.005739,XBTUSD,2019-01-18T12:00:00.000Z
2000-01-01T08:00:00.000Z,0.0001,0.00030000000000000003,XBTUSD,2019-01-18T04:00:00.000Z
2000-01-01T08:00:00.000Z,0.000897,0.002691,XBTUSD,2019-01-17T20:00:00.000Z
2000-01-01T08:00:00.000Z,0.0001,0.00030000000000000003,XBTUSD,2019-01-17T12:00:00.000Z
2000-01-01T08:00:00.000Z,-0.001649,-0.004947,XBTUSD,2019-01-17T04:00:00.000Z
2000-01-01T08:00:00.000Z,-0.002966,-0.008898,XBTUSD,2019-01-16T20:00:00.000Z
2000-01-01T08:00:00.000Z,-0.001275,-0.0038250000000000003,XBTUSD,2019-01-16T12:00:00.000Z
2000-01-01T08:00:00.000Z,-0.001401,-0.004203,XBTUSD,2019-01-16T04:00:00.000Z
2000-01-01T08:00:00.000Z,-0.00375,-0.01125,XBTUSD,2019-01-15T20:00:00.000Z
2000-01-01T08:00:00.000Z,-0.003729,-0.011187,XBTUSD,2019-01-15T12:00:00.000Z
2000-01-01T08:00:00.000Z,2.1e-05,6.3e-05,XBTUSD,2019-01-15T04:00:00.000Z
2000-01-01T08:00:00.000Z,0.002043,0.006129000000000001,XBTUSD,2019-01-14T20:00:00.000Z
2000-01-01T08:00:00.000Z,0.003525,0.010575,XBTUSD,2019-01-14T12:00:00.000Z
2000-01-01T08:00:00.000Z,0.00375,0.01125,XBTUSD,2019-01-14T04:00:00.000Z
2000-01-01T08:00:00.000Z,0.000481,0.0014429999999999998,XBTUSD,2019-01-13T20:00:00.000Z
2000-01-01T08:00:00.000Z,0.0001,0.00030000000000000003,XBTUSD,2019-01-13T12:00:00.000Z
2000-01-01T08:00:00.000Z,-0.0023,-0.0069,XBTUSD,2019-01-13T04:00:00.000Z
2000-01-01T08:00:00.000Z,-0.00375,-0.01125,XBTUSD,2019-01-12T20:00:00.000Z
2000-01-01T08:00:00.000Z,-0.00375,-0.01125,XBTUSD,2019-01-12T12:00:00.000Z
2000-01-01T08:00:00.000Z,-0.000279,-0.0008370000000000001,XBTUSD,2019-01-12T04:00:00.000Z
2000-01-01T08:00:00.000Z,0.002956,0.008868,XBTUSD,2019-01-11T20:00:00.000Z
2000-01-01T08:00:00.000Z,0.003675,0.011025,XBTUSD,2019-01-11T12:00:00.000Z
2000-01-01T08:00:00.000Z,0.000564,0.0016920000000000001,XBTUSD,2019-01-11T04:00:00.000Z
2000-01-01T08:00:00.000Z,0.000453,0.001359,XBTUSD,2019-01-10T20:00:00.000Z
2000-01-01T08:00:00.000Z,-0.000936,-0.0028079999999999997,XBTUSD,2019-01-10T12:00:00.000Z
2000-01-01T08:00:00.000Z,0.000322,0.0009660000000000001,XBTUSD,2019-01-10T04:00:00.000Z
2000-01-01T08:00:00.000Z,-6.8e-05,-0.000204,XBTUSD,2019-01-09T20:00:00.000Z
2000-01-01T08:00:00.000Z,-0.001902,-0.005706,XBTUSD,2019-01-09T12:00:00.000Z
2000-01-01T08:00:00.000Z,-0.003261,-0.009783,XBTUSD,2019-01-09T04:00:00.000Z
2000-01-01T08:00:00.000Z,-0.001635,-0.004905,XBTUSD,2019-01-08T20:00:00.000Z
2000-01-01T08:00:00.000Z,-0.00375,-0.01125,XBTUSD,2019-01-08T12:00:00.000Z
2000-01-01T08:00:00.000Z,-0.00375,-0.01125,XBTUSD,2019-01-08T04:00:00.000Z
2000-01-01T08:00:00.000Z,-0.00375,-0.01125,XBTUSD,2019-01-07T20:00:00.000Z
2000-01-01T08:00:00.000Z,-0.003726,-0.011178,XBTUSD,2019-01-07T12:00:00.000Z
2000-01-01T08:00:00.000Z,2.4e-05,7.2e-05,XBTUSD,2019-01-07T04:00:00.000Z
2000-01-01T08:00:00.000Z,-0.000972,-0.002916,XBTUSD,2019-01-06T20:00:00.000Z
2000-01-01T08:00:00.000Z,0.0001,0.00030000000000000003,XBTUSD,2019-01-06T12:00:00.000Z
2000-01-01T08:00:00.000Z,0.0001,0.00030000000000000003,XBTUSD,2019-01-06T04:00:00.000Z
2000-01-01T08:00:00.000Z,0.001018,0.0030540000000000003,XBTUSD,2019-01-05T20:00:00.000Z
2000-01-01T08:00:00.000Z,0.001864,0.005592,XBTUSD,2019-01-05T12:00:00.000Z
2000-01-01T08:00:00.000Z,-0.00152,-0.00456,XBTUSD,2019-01-05T04:00:00.000Z
2000-01-01T08:00:00.000Z,-0.002874,-0.008622,XBTUSD,2019-01-04T20:00:00.000Z
2000-01-01T08:00:00.000Z,-0.002201,-0.0066029999999999995,XBTUSD,2019-01-04T12:00:00.000Z
2000-01-01T08:00:00.000Z,-0.002996,-0.008988,XBTUSD,2019-01-04T04:00:00.000Z
2000-01-01T08:00:00.000Z,-0.00375,-0.01125,XBTUSD,2019-01-03T20:00:00.000Z
2000-01-01T08:00:00.000Z,-0.00375,-0.01125,XBTUSD,2019-01-03T12:00:00.000Z
