date,open,high,low,close,unit_volume,bitmex_funding
20160924,602.96,604.58,602.04,602.63,58.67530657,0.000348
20160925,602.75,603.38,599.71,600.83,56.55143718,0.000273
20160926,600.81,608.14,600.35,608.04,97.28603381,0.00201
20160927,608.02,608.25,604.11,606.17,81.53224343,0.004182
20160928,606.24,606.59,604.61,604.73,80.56917963,0.000249
20160929,605.02,606.82,604.85,605.69,91.8928825,0.00129
20160930,605.72,609.73,604.14,609.73,92.04467551,0.002031
20161001,609.93,615.24,609.93,613.98,91.78963484,0.007806
20161002,613.95,614.01,609.68,610.89,64.25019234,0.000264
20161003,610.97,612.57,610.46,612.13,76.45157074,0.001368
20161004,612.05,612.05,609.48,610.2,81.61520813,0.000237
20161005,610.22,613.81,609.62,612.51,111.1451307,0.001611
20161006,612.47,613.82,611.47,613.02,92.67576914,0.000219
20161007,612.61,617.91,611.82,617.12,103.8232435,0.002334
20161008,617.34,619.85,617.34,619.11,68.39802297,0.002004
20161009,619.17,619.2,616.61,616.75,63.62934739,0.00018
20161010,616.82,621.32,616.2,618.99,109.0180843,0.007485
20161011,619.24,642.08,618.5,641.07,161.589218,0.000123
20161012,640.87,641.34,635.97,636.19,145.1927883,0.00272
20161013,636.03,638.83,635.03,636.79,96.76769422,0.000201
20161014,637.01,641.28,637.01,640.38,90.79702677,0.001299
20161015,640.31,642.1,637.39,638.65,61.12174117,0.00516
20161016,639.08,642.9,638.9,641.63,62.80582267,-0.000504
20161017,641.82,642.33,638.66,639.19,90.83934354,0.000378
20161018,639.41,640.74,636,637.96,102.7442159,-0.000231
20161019,638.13,638.87,628.01,630.52,110.0388505,0.00216
20161020,630.66,631.92,628.26,630.86,90.28516628,-0.0021
20161021,630.83,634.09,630.69,632.83,88.41395003,0.00219
20161022,633.14,658.2,632.85,657.29,119.5157328,0.000216
20161023,657.62,661.13,653.89,657.07,82.90532211,0.007374
20161024,657.16,657.25,652.59,653.76,95.16978708,0.01125
20161025,654,664.42,653.7,657.59,137.4394379,0.00289
20161026,657.68,679.73,657.68,678.3,131.0291965,0.004113
20161027,678.21,688.59,678.04,688.31,139.6250178,0.00045
20161028,688,690.44,684.16,689.65,117.6618633,0.001005
20161029,690.29,720.4,690.05,714.48,188.6140858,0.00883
20161030,714.12,714.12,696.47,701.86,143.4260394,0.00027
20161031,702.64,709.29,691.68,700.97,138.4715466,0.002226
20161101,701.34,736.45,701.34,729.79,178.8555612,0.01125
20161102,730.07,740.83,722.35,740.83,114.5542162,0.01125
20161103,742.35,745.77,678.16,688.7,250.919123,0.007968
20161104,689.12,706.93,685.56,703.23,142.0697297,0.000741
20161105,703.53,707.51,697.74,703.42,76.41565494,0.000303
20161106,703.81,714.26,699.56,711.52,84.18906004,0.007005
20161107,710.74,710.74,699.9,703.13,92.51077326,0.002241
20161108,703.09,712.99,702.39,709.85,112.2220187,-0.001899
20161109,709.83,740.05,708.61,723.27,183.0975984,0.004002
20161110,722.84,723.02,711.21,715.53,96.16340335,0.002502
20161111,715.55,718.32,714.41,716.41,88.10555408,0.003606
20161112,716.75,717.15,704.03,705.05,91.6566201,0.000417
20161113,705.2,705.26,687.32,702.03,114.4083529,0.00033
20161114,702,706.28,699.81,705.02,89.34923832,0.000333
20161115,705.79,715.72,705.26,711.62,101.2316911,0.000843
20161116,711.17,747.61,709.04,744.2,189.8602526,0.000792
20161117,744.88,755.65,739.51,740.98,146.5343194,0.00942
20161118,740.71,752.88,736.89,751.59,116.2377147,0.004251
20161119,751.83,756.24,744.47,751.62,147.1594689,0.000882
20161120,751.88,755.48,717.94,731.03,210.8203494,0.00081
20161121,731.27,741.72,730.51,739.25,82.24876564,0.000819
20161122,739.64,753.87,736.53,751.35,172.8967858,0.000873
20161123,751.74,752.25,738.92,744.59,102.7999302,0.00342
20161124,744.62,746.83,733.49,740.29,116.0616731,0.00093
20161125,740.44,741.65,734.59,741.65,91.42803209,0.001125
20161126,741.51,742.21,729.63,735.38,74.7405423,0.00123
20161127,735.44,739.02,731.09,732.03,71.85743754,0.000795
20161128,732.48,738.01,732.48,735.81,84.10948479,0.000897
20161129,736.33,737.47,734.56,735.6,93.13635672,0.000948
20161130,736.28,747.93,736.27,745.69,112.7422924,0.001071
20161201,746.05,758.28,746.05,756.77,106.3227982,0.001086
20161202,757.54,781.3,757.54,777.94,164.0293596,0.003666
20161203,778.25,778.25,764.86,771.16,90.18530007,0.001047
20161204,771.64,773.87,768.16,773.87,78.2533242,0.002355
20161205,773.39,773.47,751.71,758.7,140.1911164,0.002607
20161206,758.72,765.62,758.72,764.22,152.0740101,0.00063
20161207,764.21,771.54,759.75,768.13,125.5335633,0.00042
20161208,768.08,774.7,765.95,770.81,103.9321026,-0.001092
20161209,769.94,774.53,769.65,772.79,88.90551896,0.000294
20161210,773.02,777.09,772.91,774.65,69.50635771,0.0009
20161211,774.75,774.8,765.41,769.73,74.45909605,0.000075
20161212,770.04,781.92,770.04,780.09,98.15662295,0.000018
20161213,780.65,788.46,777.96,780.56,104.5987496,0.002064
20161214,780.01,782.03,776.84,781.48,97.22449711,0.000102
20161215,780.07,781.43,777.8,778.09,104.8466064,0.001608
20161216,778.96,785.03,778.96,784.91,106.5194736,0.003306
20161217,785.17,792.51,784.86,790.83,99.88214913,0.000474
20161218,791.01,794.74,788.03,790.53,76.56180031,0.000411
20161219,790.69,793.61,790.32,792.71,94.46884737,-0.000039
20161220,792.25,801.34,791.5,800.88,124.3997802,-0.000936
20161221,800.64,834.28,799.41,834.28,186.4793594,0.000156
20161222,834.18,875.78,834.15,864.54,231.3681357,0.005205
20161223,864.89,925.12,864.68,921.98,298.8828391,0.004059
20161224,922.18,923.48,886.34,898.82,153.2309116,0.006444
20161225,899.65,899.65,862.42,896.18,160.3081881,0.000855
20161226,896.91,913.18,896.9,907.61,136.3702471,0.004986
20161227,908.35,940.05,904.26,933.2,179.2841835,0.007128
20161228,934.83,975.92,934.83,975.92,242.468645,0.000618
20161229,975.13,979.4,954.5,973.5,204.7457627,0.000321
20161230,972.53,972.53,934.83,961.24,195.0334984,0.000426
20161231,960.63,963.74,947.24,963.74,102.8649885,-0.001206
20170101,963.66,1003.08,958.7,998.33,148.0222051,0.004095
20170102,998.62,1031.39,996.7,1021.75,217.4553384,0.006177
20170103,1021.6,1044.08,1021.6,1043.84,177.3911711,0.001794
20170104,1044.4,1159.42,1044.4,1154.73,298.7243633,0.01125
20170105,1156.73,1191.1,910.42,1013.38,503.4626774,0.01125
20170106,1014.24,1046.81,883.94,902.2,390.0199512,-0.004173
20170107,903.49,908.59,823.56,908.59,307.6745463,-0.00189
20170108,908.17,942.72,887.25,911.2,174.1824056,-0.003651
20170109,913.24,913.69,879.81,902.83,157.1469623,-0.001908
20170110,902.44,914.87,901.06,907.68,127.5868147,0.000912
20170111,908.11,919.45,762.77,777.76,399.7749846,-0.006324
20170112,775.18,826.25,755.76,804.83,276.2397028,0.000342
20170113,803.74,829,780,823.98,205.0632297,0
20170114,825.14,835.09,812.46,818.41,113.7123153,0.000312
20170115,818.14,823.31,812.87,821.8,86.41226576,-0.006828
20170116,821.78,834.53,820.27,831.53,99.52160475,0.005184
20170117,830.95,910.56,830.8,907.94,170.8207679,0.000552
20170118,909.37,917.5,858.3,886.62,254.53632,-0.002967
20170119,888.34,904.61,884.34,899.07,117.4825097,0.002235
20170120,898.17,899.4,887.01,895.03,96.89999218,0.00027
20170121,895.55,927.37,895.53,921.79,120.5892882,0.003294
20170122,922.21,937.53,897.56,924.67,126.0698411,-0.001368
20170123,925.5,928.27,916.74,921.01,79.89989251,-0.004206
20170124,910.68,924.15,892.29,892.69,124.7342302,-0.008649
20170125,891.92,903.25,891.69,901.54,134.027331,-0.006294
20170126,902.4,919.33,902.22,917.59,143.8093266,-0.000198
20170127,918.36,923.22,915.85,919.75,136.552324,-0.001863
20170128,919.81,923.91,919.81,921.59,74.84846841,-0.000195
20170129,922.07,923.42,919.15,919.5,66.17911909,0.000216
20170130,920.15,923.05,919.47,920.38,84.99456312,-0.000777
20170131,920.96,972.02,920.96,970.4,169.6022259,0.000159
20170201,970.94,989.11,970.74,989.02,151.776506,0.00033
20170202,990,1013.52,983.22,1011.8,144.1203716,-0.000939
20170203,1011.46,1033.87,1008.79,1029.91,195.4326106,-0.001956
20170204,1031.33,1045.9,1015.16,1042.9,148.6853965,0.000171
20170205,1043.52,1043.63,1022.37,1027.34,111.1686491,0.006819
20170206,1028.4,1044.64,1028.16,1038.15,107.6549632,0.002628
20170207,1040.14,1061.93,1040.14,1061.35,137.5672568,0.000174
20170208,1062.32,1078.97,1037.49,1063.07,189.8793193,-0.004089
20170209,1064.7,1088.99,953.34,994.38,409.5215109,0.002622
20170210,995.63,998.91,946.69,988.67,192.6345494,-0.005778
20170211,988.9,1009.29,982.83,1004.45,101.8079546,0.002034
20170212,1003.52,1004.76,996.92,999.18,67.58542004,-0.000372
20170213,998.89,1002.1,976,990.64,101.5575789,-0.000318
20170214,991.73,1011.51,986.47,1004.55,137.3211886,0.004248
20170215,1006.21,1008.84,1001.58,1007.48,89.09298448,0.002964
20170216,1007.65,1033.37,1007.65,1027.44,119.0113291,0.002244
20170217,1026.12,1053.17,1025.64,1046.21,130.4460863,0.002769
20170218,1049.21,1061.1,1046.96,1054.42,93.96019044,0.000117
20170219,1054.76,1056.81,1043.46,1047.87,73.88635613,0.000087
20170220,1048.69,1080.49,1041.69,1079.98,101.3703957,0.003063
20170221,1079.28,1117.25,1076.93,1115.3,167.5504277,0.007806
20170222,1114.8,1125.39,1100.55,1117.44,121.7962486,0.01125
20170223,1117.27,1176.62,1116.96,1166.72,162.3817197,0.002853
20170224,1172.71,1200.39,1131.96,1173.68,281.8136187,0.01125
20170225,1170.41,1174.85,1124.59,1143.84,122.3606379,0.000495
20170226,1144.27,1167.47,1130.2,1165.2,99.97082046,0.000564
20170227,1163.78,1181.98,1163.38,1179.97,111.5028348,0.000537
20170228,1180.72,1193.25,1171.82,1179.97,156.746358,0.000705
20170301,1180.04,1222.5,1179.69,1222.5,187.3676826,0.000333
20170302,1224.68,1262.13,1215.62,1251.01,294.3821456,0.000396
20170303,1250.71,1280.31,1250.71,1274.99,247.6403799,0.000663
20170304,1277.43,1279.4,1230.51,1255.15,146.0144206,0.001581
20170305,1254.29,1267.29,1238.06,1267.12,105.851853,0.005802
20170306,1267.47,1276,1264.6,1272.83,120.7207498,0.006867
20170307,1273.21,1275.55,1204.8,1223.54,238.0437092,0.002811
20170308,1223.23,1232.16,1148.08,1150,289.220007,-0.000075
20170309,1150.35,1197.46,1141.23,1188.49,178.6157292,0.000306
20170310,1189.36,1270.47,1077.25,1116.72,504.8677986,0.000306
20170311,1116.32,1193.83,1116.32,1175.83,240.953199,-0.00381
20170312,1176.62,1226.98,1175.36,1221.38,185.9994433,-0.003207
20170313,1221.78,1237.37,1217.03,1231.92,308.6864342,-0.001332
20170314,1232.16,1244.81,1220.72,1240,197.8274194,0.000174
20170315,1240.16,1251.61,1239.75,1249.61,238.3183489,0.000162
20170316,1251.33,1257.98,1152.44,1187.81,537.6011315,-0.003906
20170317,1180.16,1180.16,1099.57,1100.23,642.2284213,-0.001077
20170318,1099.69,1114.07,957.66,973.82,638.0049865,-0.00459
20170319,976.73,1069.91,976.73,1036.74,392.2372051,-0.011223
20170320,1037.24,1063.03,1036.68,1054.23,271.7907705,-0.001593
20170321,1055.36,1122.43,1055.36,1120.54,301.0967998,-0.00117
20170322,1120.65,1120.65,1014.21,1049.14,363.0030234,-0.002466
20170323,1050.05,1058.01,1028.93,1038.59,239.3052119,-0.000921
20170324,1038.45,1040.47,934.36,937.52,523.7627101,-0.001188
20170325,936.54,975.76,903.71,972.78,447.9974999,-0.003015
20170326,974.02,1007.96,954.19,966.72,314.1219795,0.000177
20170327,972.05,1046.4,971.98,1045.77,356.2303451,-0.001206
20170328,1044.58,1064.65,1027.73,1047.15,311.6382562,-0.000321
20170329,1046.08,1055.13,1015.88,1039.97,286.9871092,-0.000324
20170330,1042.21,1049.29,1020.04,1026.43,343.8802373,0.000981
20170331,1026.64,1074.92,1026.64,1071.79,417.3270958,-0.000105
20170401,1071.71,1091.72,1061.09,1080.5,268.055515,0.000834
20170402,1080.61,1107.59,1075.45,1102.17,466.5224131,-0.000084
20170403,1102.95,1151.74,1102.95,1143.81,507.4654287,-0.00012
20170404,1145.52,1156.44,1120.52,1133.25,385.0077353,-0.006483
20170405,1134.14,1135.09,1113.63,1124.78,368.7690037,-0.004461
20170406,1125.81,1188.37,1125.81,1182.68,432.2572598,-0.000174
20170407,1178.94,1186.58,1163.39,1176.9,269.3703934,-0.002427
20170408,1172.65,1184.98,1162.58,1175.95,177.9939623,-0.001584
20170409,1176.57,1197.21,1171.86,1187.87,204.0147558,-0.004203
20170410,1187.3,1190.34,1179.04,1187.13,181.8528788,0.002493
20170411,1187.46,1208.07,1187.46,1205.01,179.4026606,-0.000024
20170412,1204.81,1207.14,1196.76,1200.37,240.5108558,-0.00003
20170413,1201.02,1205.89,1156.44,1169.28,301.0134373,-0.00312
20170414,1170.33,1190.8,1159.79,1167.54,218.2597667,-0.001482
20170415,1167.3,1188,1164.96,1172.52,173.6081329,-0.000336
20170416,1172.61,1187.22,1172.61,1182.94,154.8945914,-0.000807
20170417,1183.25,1194.9,1172.65,1193.91,212.0813127,0.00159
20170418,1193.77,1217.57,1193.77,1211.67,223.2654105,0.001986
20170419,1212.13,1215.51,1205.08,1210.29,238.0098918,-0.000624
20170420,1211.08,1240.79,1208.41,1229.08,256.3771276,-0.000624
20170421,1229.42,1235.94,1215.56,1222.05,222.7134798,0.005463
20170422,1222.71,1235.56,1208.47,1231.71,202.4177769,0.001038
20170423,1231.92,1232.2,1203.94,1207.21,214.503697,0.000876
20170424,1209.63,1250.94,1209.63,1250.15,188.6221653,-0.000855
20170425,1250.45,1267.58,1249.97,1265.49,191.6696299,-0.000198
20170426,1265.99,1294.83,1265.93,1281.08,257.3071221,0.002532
20170427,1281.88,1319.7,1281.3,1317.73,340.8869738,0.004692
20170428,1317.74,1331.28,1292.37,1316.48,400.6813563,0.004515
20170429,1317.84,1327.2,1315.21,1321.79,319.7981404,-0.00288
20170430,1321.87,1347.91,1314.92,1347.89,306.4901498,0.003039
20170501,1348.3,1434.32,1348.3,1421.6,501.9864941,0.00396
20170502,1421.03,1473.9,1415.69,1452.82,328.5596178,0.011157
20170503,1453.78,1492.77,1447.49,1490.09,391.7857096,0.003009
20170504,1490.72,1608.91,1490.72,1537.67,607.1192076,-0.00711
20170505,1540.87,1618.03,1530.31,1555.45,608.2072506,0.0003
20170506,1556.81,1578.8,1542.5,1578.8,368.9700937,-0.001518
20170507,1579.47,1596.72,1559.76,1596.71,676.4095872,0.002412
20170508,1596.92,1723.35,1596.92,1723.35,777.7410276,0.01125
20170509,1723.89,1833.49,1716.3,1755.36,665.3450005,0.006264
20170510,1756.52,1788.44,1719.1,1787.13,512.3986548,0.003366
20170511,1780.37,1873.93,1755.35,1848.57,432.491052,-0.001245
20170512,1845.76,1856.15,1694.01,1724.24,429.7452791,0.007986
20170513,1723.12,1812.99,1651.08,1804.91,321.1434409,0.004461
20170514,1800.86,1831.42,1776.62,1808.91,241.6902997,0.004668
20170515,1808.44,1812.8,1708.54,1738.43,420.7986655,-0.00243
20170516,1741.7,1785.94,1686.54,1734.45,552.9389674,0.007398
20170517,1726.73,1864.05,1661.91,1839.09,578.9439255,0.01125
20170518,1818.7,1904.48,1807.12,1888.65,473.5239584,0.01125
20170519,1897.37,2004.52,1890.25,1987.71,582.2227508,0.01062
20170520,1984.24,2084.73,1974.92,2084.73,461.132137,0.0003
20170521,2067.03,2119.08,2037.5,2041.2,562.3456633,0.01125
20170522,2043.19,2303.9,2017.87,2173.4,893.6321119,0.01125
20170523,2191.56,2320.82,2178.5,2320.42,594.1812051,0.001416
20170524,2321.37,2523.72,2321.37,2443.64,706.0696207,0.005256
20170525,2446.24,2763.71,2285.3,2304.98,1044.130549,0.006351
20170526,2320.89,2573.79,2071.99,2202.42,800.7010761,-0.000126
20170527,2196.27,2260.2,1855.83,2038.87,834.030615,0
20170528,2054.08,2267.34,2054.08,2155.8,532.1179924,0.0003
20170529,2159.43,2307.05,2107.17,2255.61,440.9561156,0.001527
20170530,2255.36,2301.96,2124.57,2175.47,663.7508437,0.01125
20170531,2187.19,2311.08,2145.57,2286.41,675.6574508,-0.003135
20170601,2288.33,2448.39,2288.33,2407.88,686.5707726,0.0003
20170602,2404.03,2488.55,2373.32,2488.55,529.2359069,0.002673
20170603,2493.72,2581.91,2423.57,2515.35,602.281995,0.006297
20170604,2547.79,2585.89,2452.54,2511.81,539.4994048,0.00186
20170605,2512.4,2686.81,2510.22,2686.81,509.6415273,0.005673
20170606,2690.84,2999.91,2690.84,2863.2,729.8162839,0.01125
20170607,2869.38,2869.38,2700.56,2732.16,555.4981963,0.01125
20170608,2720.49,2815.3,2670.95,2805.62,456.6441813,0.0003
20170609,2807.44,2901.71,2795.62,2823.81,477.7056587,0.007212
20170610,2828.14,2950.99,2746.55,2947.71,684.9011551,0.000645
20170611,2942.41,2996.6,2840.53,2958.11,592.4052858,0.007263
20170612,2953.22,2997.26,2518.56,2659.63,966.1231495,0.005136
20170613,2680.91,2789.04,2650.38,2717.02,655.5711772,-0.001815
20170614,2716.88,2786.83,2412.94,2506.37,676.8992607,-0.007029
20170615,2499.58,2534.71,2212.96,2464.58,822.1522401,-0.01125
20170616,2469.57,2539.92,2385.15,2518.56,474.5529255,-0.01125
20170617,2514.01,2685.19,2484.96,2655.88,577.7783454,-0.007275
20170618,2655.35,2662.1,2516.33,2548.29,462.5297623,-0.001488
20170619,2549.03,2662.85,2549.03,2589.6,558.7117949,0.00066
20170620,2591.26,2763.45,2589.82,2721.79,681.2391669,0.000837
20170621,2709.43,2772.01,2660.4,2689.1,604.8789439,0.00228
20170622,2691.03,2723.74,2642.36,2705.41,405.831267,0.0003
20170623,2707.34,2765.17,2706.37,2744.91,350.2187598,0.00024
20170624,2738.52,2757.94,2583.19,2608.72,376.7173234,-0.001572
20170625,2607.25,2682.26,2552.12,2589.41,448.4033166,-0.004335
20170626,2590.57,2615.25,2376.29,2478.45,671.0968549,-0.005442
20170627,2478.45,2552.45,2332.99,2552.45,583.6705722,-0.005241
20170628,2553.03,2603.98,2484.42,2574.79,459.7928188,-0.010281
20170629,2567.56,2588.83,2510.48,2539.32,374.1076383,-0.010386
20170630,2539.24,2559.25,2478.43,2480.84,346.7668306,-0.003972
20170701,2492.6,2515.27,2419.23,2434.55,320.35242,-0.01125
20170702,2436.4,2514.28,2394.84,2506.47,320.6689121,-0.005571
20170703,2498.56,2595,2480.47,2564.06,376.0099218,0.0003
20170704,2561,2631.59,2559.35,2601.64,378.8056887,0.002451
20170705,2602.87,2622.65,2538.55,2601.99,361.8638104,-0.003369
20170706,2608.1,2616.72,2581.69,2608.56,292.0987027,-0.000717
20170707,2608.59,2916.14,2498.87,2518.66,364.2460546,-0.008457
20170708,2520.27,2571.34,2492.31,2571.34,285.193706,0.000255
20170709,2572.61,2635.49,2517.59,2518.44,209.5964168,-0.005643
20170710,2525.25,2537.16,2321.13,2372.56,468.3548572,-0.001917
20170711,2385.89,2413.47,2296.81,2337.79,568.8107144,-0.00234
20170712,2332.77,2423.71,2275.14,2398.84,465.8126628,0.0003
20170713,2402.7,2425.22,2340.83,2357.9,354.4552288,-0.005427
20170714,2360.59,2363.25,2183.22,2233.34,395.1494067,-0.004101
20170715,2230.12,2231.14,1990.41,1998.86,497.0873398,-0.004839
20170716,1991.98,2058.77,1843.03,1929.82,612.9431843,0.006531
20170717,1932.62,2230.49,1932.62,2228.41,539.290346,0.0003
20170718,2233.52,2387.61,2164.77,2318.88,652.2329952,0.0003
20170719,2323.08,2397.17,2260.23,2273.43,547.6746731,-0.003369
20170720,2269.89,2900.7,2269.89,2817.6,798.2893356,0.0003
20170721,2838.41,2838.41,2621.85,2667.76,558.3148349,0.0003
20170722,2668.63,2862.42,2657.71,2810.12,418.8895791,0.01125
20170723,2808.1,2832.18,2653.94,2730.4,392.9241137,-0.003051
20170724,2732.7,2777.26,2699.19,2754.86,314.5255962,0.0003
20170725,2757.5,2768.08,2480.96,2576.48,566.6995218,0.000906
20170726,2577.77,2610.76,2450.8,2529.45,370.595992,-0.005169
20170727,2538.71,2693.32,2529.34,2671.78,295.3476708,-0.003624
20170728,2679.73,2897.45,2679.73,2809.01,491.3118743,-0.002706
20170729,2807.02,2808.76,2692.8,2726.45,294.7957909,-0.005424
20170730,2724.39,2758.53,2644.85,2757.18,256.0380447,-0.009972
20170731,2763.24,2889.62,2720.61,2875.34,299.2950315,-0.008379
20170801,2871.3,2921.35,2685.61,2718.26,487.322755,-0.01125
20170802,2727.13,2762.53,2668.59,2710.67,403.940729,-0.002172
20170803,2709.56,2813.31,2685.14,2804.73,286.9427688,-0.000078
20170804,2806.93,2899.33,2743.72,2895.89,346.0490557,0.0003
20170805,2897.63,3290.01,2874.83,3252.91,598.1413467,0.01125
20170806,3257.61,3293.29,3155.6,3213.94,343.8240963,0.007761
20170807,3212.78,3397.68,3180.89,3378.94,438.6819346,0.002427
20170808,3370.22,3484.85,3345.83,3419.94,512.5119341,0.0003
20170809,3420.4,3422.76,3247.67,3342.47,439.4833761,0.0003
20170810,3341.84,3453.45,3319.47,3381.28,448.0877112,-0.00057
20170811,3373.82,3679.72,3372.12,3650.62,553.6566435,0.0003
20170812,3650.63,3949.92,3613.7,3884.71,571.3656587,-0.002574
20170813,3880.04,4208.39,3857.8,4073.26,775.5679529,0.006054
20170814,4066.1,4325.13,3989.16,4325.13,569.4834421,0.006786
20170815,4326.99,4455.97,3906.18,4181.93,779.0780927,0.004446
20170816,4200.34,4381.23,3994.42,4376.63,519.1300009,-0.001878
20170817,4384.44,4484.7,4243.71,4331.69,589.4604351,0.008955
20170818,4324.34,4370.13,4015.4,4160.62,707.0364705,0.0003
20170819,4137.75,4243.26,3970.55,4193.7,709.5929685,-0.003633
20170820,4189.31,4196.29,4069.88,4087.66,516.1314747,0.008202
20170821,4090.48,4109.14,3988.6,4001.74,699.9180636,0.000957
20170822,3998.35,4128.76,3674.58,4100.52,917.9908577,-0.01125
20170823,4089.01,4255.78,4078.41,4151.52,570.831865,0.005688
20170824,4137.6,4376.39,4130.26,4334.68,470.1039099,0.001431
20170825,4332.82,4455.7,4307.35,4371.6,395.271765,0.003606
20170826,4372.06,4379.28,4269.52,4352.4,347.3049315,-0.001863
20170827,4345.1,4416.59,4317.29,4382.88,350.7876027,0.001125
20170828,4384.45,4403.93,4224.64,4382.66,447.0641227,-0.005517
20170829,4389.21,4625.68,4352.13,4579.02,542.9283995,0.0003
20170830,4570.36,4626.52,4471.41,4565.3,424.4737441,0.00531
20170831,4555.59,4736.05,4549.4,4703.39,413.516644,0.001374
20170901,4701.76,4892.01,4678.53,4892.01,531.290806,0.0003
20170902,4901.42,4975.04,4469.24,4578.77,594.5133527,-0.000066
20170903,4585.27,4714.08,4417.59,4582.96,421.8212718,0.0003
20170904,4591.63,4591.63,4108.4,4236.31,705.1726734,-0.004842
20170905,4228.29,4427.84,3998.11,4376.53,616.4632529,-0.01125
20170906,4376.59,4617.25,4376.59,4597.12,472.4914938,-0.004491
20170907,4589.14,4655.04,4491.33,4599.88,401.014816,0.000405
20170908,4605.16,4661,4075.18,4228.75,638.697041,0.0003
20170909,4229.81,4308.82,4114.11,4226.06,328.0194829,-0.009033
20170910,4229.34,4245.44,3951.04,4122.94,407.2555138,-0.01095
20170911,4122.47,4261.67,4099.4,4161.27,374.2439323,0.0003
20170912,4168.88,4344.65,4085.22,4130.81,451.3715344,-0.001356
20170913,4131.98,4131.98,3789.92,3882.59,571.6312874,-0.006051
20170914,3875.37,3920.6,3153.86,3154.95,860.9676908,-0.005601
20170915,3166.3,3733.45,2946.62,3637.52,1140.356586,-0.003522
20170916,3637.75,3808.84,3487.79,3625.04,501.6220511,-0.01125
20170917,3606.28,3664.81,3445.64,3582.88,345.8530434,0.0003
20170918,3591.09,4079.23,3591.09,4065.2,478.010918,0.0006
20170919,4073.79,4094.07,3868.87,3924.97,398.4692958,0.000057
20170920,3916.36,4031.39,3857.73,3905.95,310.7643508,-0.000597
20170921,3901.47,3916.42,3613.63,3631.04,388.7261126,-0.003105
20170922,3628.02,3758.27,3553.53,3630.7,329.0907957,-0.00558
20170923,3629.92,3819.21,3594.58,3792.4,244.7299821,0.0003
20170924,3796.15,3796.15,3666.9,3682.84,208.5387842,-0.004308
20170925,3681.58,3950.25,3681.58,3926.07,350.0217897,0.000321
20170926,3928.41,3969.89,3869.9,3892.35,268.151639,0.003309
20170927,3892.94,4210.05,3884.82,4200.67,401.5740346,0.003873
20170928,4197.13,4279.31,4109.7,4174.73,410.1630525,0.0003
20170929,4171.62,4214.63,4039.29,4163.07,328.3754498,0.005922
20170930,4166.11,4358.43,4160.86,4338.71,278.2970016,0.008868
20171001,4341.05,4403.74,4269.81,4403.74,274.3599867,-0.000831
20171002,4395.81,4470.23,4377.46,4409.32,324.7054076,0.0003
20171003,4408.46,4432.47,4258.89,4317.48,298.3267943,-0.003903
20171004,4319.37,4352.31,4210.42,4229.36,264.0517828,-0.003342
20171005,4229.88,4362.64,4164.05,4328.41,268.4057157,-0.001833
20171006,4324.46,4413.27,4320.53,4370.81,244.7921479,0.001806
20171007,4369.35,4443.88,4321.05,4426.89,204.8679773,0.0003
20171008,4429.67,4624.14,4405.64,4610.48,284.974656,0.00561
20171009,4614.52,4878.71,4564.25,4772.02,412.5590354,0.0003
20171010,4776.21,4922.17,4765.1,4781.99,333.9906541,0.01125
20171011,4789.25,4873.73,4751.63,4826.48,253.2445874,0.005007
20171012,4829.58,5446.91,4822,5446.91,512.5126194,0.01125
20171013,5464.16,5840.3,5436.85,5647.21,640.224122,0.01125
20171014,5643.53,5837.7,5591.64,5831.79,286.1951504,0.01125
20171015,5835.96,5852.48,5478.61,5678.19,348.005251,0.01125
20171016,5687.57,5776.23,5544.21,5725.59,350.718444,0.001584
20171017,5741.58,5800.35,5472.72,5605.51,324.9606277,0.001152
20171018,5603.82,5603.82,5151.44,5590.69,429.1545208,-0.001548
20171019,5583.74,5744.35,5531.06,5708.52,311.909222,0.005391
20171020,5708.11,6060.11,5627.23,6011.45,391.6575788,0.0003
20171021,5996.79,6194.88,5965.07,6031.6,365.9227906,0.005856
20171022,6036.66,6076.26,5792.34,6008.42,338.6297922,-0.003819
20171023,6006,6075.59,5732.47,5930.32,405.0102065,-0.002289
20171024,5935.52,5935.52,5504.18,5526.64,495.0023826,-0.003624
20171025,5524.6,5754.33,5397.88,5750.8,342.0376212,-0.004596
20171026,5747.95,5976.8,5721.22,5904.83,322.6240214,-0.00069
20171027,5899.74,5988.39,5728.82,5780.9,295.8241879,-0.000552
20171028,5787.82,5876.72,5689.19,5753.09,244.028861,-0.008109
20171029,5754.44,6255.71,5724.58,6153.85,464.5937096,0.000294
20171030,6114.85,6214.99,6040.85,6130.53,289.0696263,0.005868
20171031,6132.02,6470.43,6103.33,6468.4,357.3341117,0.002052
20171101,6440.97,6767.31,6377.88,6767.31,424.1449155,0.0003
20171102,6777.77,7367.33,6758.72,7078.5,657.4514714,-0.007266
20171103,7087.53,7461.29,7002.94,7207.76,467.5322286,0.003204
20171104,7164.48,7492.86,7031.28,7379.95,336.5605545,-0.002706
20171105,7404.52,7617.48,7333.19,7407.41,321.3552526,0.000591
20171106,7403.22,7445.77,7007.31,7022.76,443.1163679,-0.002256
20171107,7023.1,7253.32,7023.1,7144.38,325.6181916,-0.01056
20171108,7141.38,7776.42,7114.02,7459.69,616.9425357,0.001536
20171109,7446.83,7446.83,7101.52,7143.58,451.6292929,-0.000453
20171110,7173.73,7312,6436.87,6618.14,786.9658025,0.000159
20171111,6618.61,6873.15,6204.22,6357.6,772.0964188,-0.009156
20171112,6295.45,6625.05,5519.01,5950.07,1505.419245,-0.008136
20171113,5938.25,6811.19,5844.29,6559.49,954.8379401,-0.003942
20171114,6561.48,6764.98,6461.75,6635.75,481.8008539,-0.005178
20171115,6634.76,7342.25,6634.76,7315.54,574.2406067,-0.005058
20171116,7323.24,7967.38,7176.58,7871.69,650.9161047,0.000942
20171117,7853.57,8004.59,7561.09,7708.99,603.4084901,0.004401
20171118,7697.21,7884.99,7463.44,7790.15,470.7470352,-0.000315
20171119,7766.03,8101.91,7694.1,8036.49,391.8775406,0.004557
20171120,8039.07,8336.86,7949.36,8200.64,425.3875366,0.008322
20171121,8205.74,8348.66,7762.71,8071.26,529.9804472,0.0003
20171122,8077.95,8302.26,8075.47,8253.55,440.2384564,-0.000378
20171123,8232.38,8267.4,8038.77,8038.77,525.6002976,-0.002001
20171124,8074.02,8374.16,7940.93,8253.69,612.8907405,-0.006066
20171125,8241.71,8790.92,8191.15,8790.92,493.9255541,0.008073
20171126,8789.04,9522.93,8775.59,9330.55,586.8442808,-0.001188
20171127,9352.72,9818.35,9352.72,9818.35,575.7912676,0.007887
20171128,9823.43,10125.7,9736.3,10058.8,631.170713,0.007677
20171129,10077.4,11517.4,9601.03,9888.61,1169.91162,0.010776
20171130,9906.79,10801,9202.05,10233.6,812.0983615,0.0003
20171201,10198.6,11046.7,9694.65,10975.6,618.0181377,0.0003
20171202,10978.3,11320.2,10905.1,11074.6,463.9896787,0.002163
20171203,11082.7,11858.7,10862,11323.2,583.6079695,0.007023
20171204,11315.4,11657.2,11081.8,11657.2,526.0619922,0.001215
20171205,11685.7,12032,11604.6,11916.7,578.6216117,0.006141
20171206,11923.4,14369.1,11923.4,14291.5,885.5823414,0.002397
20171207,14266.1,17899.7,14057.3,17899.7,1002.849183,0.0003
20171208,17802.9,18353.4,14336.9,16569.4,1275.604366,0.01125
20171209,16523.3,16783,13674.9,15178.2,916.5316109,0.01125
20171210,15168.4,15850.6,13226.6,15455.4,869.1654676,0.01125
20171211,15427.4,17513.9,15404.8,16936.8,717.603091,0.01125
20171212,16919.8,17781.8,16571.6,17415.4,838.556654,0.01125
20171213,17500,17653.1,16039.7,16408.2,790.8789566,0.01125
20171214,16384.6,17085.8,16185.9,16564,831.7676774,0.007908
20171215,16601.3,18154.1,16601.3,17706.9,808.1595093,0.01125
20171216,17760.3,19716.7,17515.3,19497.4,653.4512195,0.01125
20171217,19475.8,20089,18974.1,19140.8,695.6135551,0.01125
20171218,19106.4,19371,18355.9,19114.2,776.359972,0.003591
20171219,19118.3,19177.8,17275.4,17776.7,950.3732324,0.01125
20171220,17760.3,17934.7,16077.7,16624.6,1332.344813,0.000102
20171221,16642.4,17567.7,15342.7,15802.9,1045.162585,0.01125
20171222,15898,15943.4,11833,13831.8,1604.852558,0.007386
20171223,13948.7,15603.2,13828.8,14699.2,890.2525395,-0.01125
20171224,14608.2,14626,12747.7,13925.8,830.9971259,-0.01125
20171225,13995.9,14593,13448.9,14026.6,760.3196715,-0.00066
20171226,14036.6,16461.2,14028.9,16099.8,835.6811985,0
20171227,16163.5,16930.9,15114.3,15838.5,788.4332562,0.01125
20171228,15864.1,15888.4,13937.3,14606.5,844.5897177,-0.001221
20171229,14695.8,15279,14307,14656.2,888.7365183,0.006435
20171230,14681.9,14681.9,12350.1,12952.2,1115.841309,-0.01125
20171231,12897.7,14377.4,12755.6,14156.4,857.3012574,-0.004662
20180101,14112.2,14112.2,13154.7,13657.2,753.5365961,0.002445
20180102,13625,15444.6,13163.6,14982.1,1124.448521,0.0018
20180103,14978.2,15572.8,14844.5,15201,1109.92041,0.01125
20180104,15270.7,15739.7,14522.2,15599.2,1396.43057,0.003195
20180105,15477.2,17705.2,15202.8,17429.5,1367.847561,0.007272
20180106,17462.1,17712.4,16764.6,17527,1044.936409,0.001698
20180107,17527.3,17579.6,16087.7,16477.6,962.8829674,0.009849
20180108,16476.2,16537.9,14208.2,15170.1,1213.828503,0.007044
20180109,15123.7,15497.5,14424,14595.4,1141.45551,0.0003
20180110,14588.5,14973.3,13691.2,14973.3,1235.586044,0.0003
20180111,14968.2,15018.8,13105.9,13405.8,1233.354217,0.0003
20180112,13453.9,14229.9,13158.1,13980.6,863.0316181,-0.001245
20180113,13952.4,14659.5,13952.4,14360.2,888.8176956,0.00555
20180114,14370.8,14511.8,13268,13772,804.8286076,-0.00126
20180115,13767.3,14445.5,13641.7,13819.8,922.6472071,0.000606
20180116,13836.1,13843.1,10194.9,11490.5,1640.816321,-0.01125
20180117,11431.1,11678,9402.29,11188.6,1683.016659,-0.007278
20180118,11198.8,12107.3,10942.5,11474.9,1308.978694,-0.002481
20180119,11429.8,11992.8,11172.1,11607.4,925.3062812,0.001092
20180120,11656.2,13103,11656.2,12899.2,914.9172315,0.001701
20180121,12889.2,12895.9,11288.2,11600.1,856.4736318,-0.002382
20180122,11633.1,11966.4,10240.2,10931.4,963.9570705,-0.001455
20180123,10944.5,11377.6,10129.7,10868.4,888.8713643,-0.004869
20180124,10903.4,11501.4,10639.8,11359.4,875.1333655,0.0003
20180125,11421.7,11785.7,11057.4,11259.4,788.0677407,0.0003
20180126,11256,11656.7,10470.3,11171.4,872.424186,-0.00108
20180127,11174.9,11614.9,10989.2,11440.7,662.832684,0.00537
20180128,11475.3,12040.3,11475.3,11786.3,708.4801901,0.01125
20180129,11755.5,11875.6,11179.2,11296.4,629.1703325,0.005106
20180130,11306.8,11307.2,10036.2,10106.3,854.7005175,0.0003
20180131,10108.2,10381.6,9777.42,10221.1,786.7216045,-0.002838
20180201,10237.3,10288.8,8812.28,9170.54,1086.021156,-0.005142
20180202,9142.28,9142.28,7796.49,8830.75,1441.202583,0.002421
20180203,8852.12,9430.75,8251.63,9174.91,791.7015077,-0.003099
20180204,9175.7,9334.87,8031.22,8277.01,854.6020633,0.0003
20180205,8270.54,8364.84,6756.68,6955.27,1335.000652,-0.004635
20180206,7051.75,7850.7,6048.26,7754,1805.49398,-0.003534
20180207,7755.49,8509.11,7236.79,7621.3,1203.11233,-0.008232
20180208,7637.86,8558.77,7637.86,8265.59,1130.802576,0.0003
20180209,8271.84,8736.98,7884.71,8736.98,776.5635522,-0.005991
20180210,8720.08,9122.55,8295.47,8621.9,902.4646837,-0.003969
20180211,8616.13,8616.13,7931.1,8129.97,753.0396575,-0.004557
20180212,8141.43,8985.92,8141.43,8926.57,700.8783674,0.003546
20180213,8926.72,8958.47,8455.41,8598.31,662.5394842,-0.002505
20180214,8599.92,9518.54,8599.92,9494.63,833.0835329,0.000369
20180215,9488.32,10234.8,9395.58,10166.4,891.4207869,-0.000978
20180216,10135.7,10324.1,9824.82,10233.9,712.9403008,-0.002229
20180217,10207.5,11139.5,10149.4,11112.7,779.367785,-0.000813
20180218,11123.4,11349.8,10326,10551.8,828.6747027,0.0003
20180219,10552.6,11273.8,10513.2,11225.3,681.6824366,0.0003
20180220,11231.8,11958.5,11231.8,11403.7,870.4666282,0.000609
20180221,11372.2,11418.5,10479.1,10690.4,879.7930525,-0.002775
20180222,10660.4,11039.1,9939.09,10005,803.6061841,-0.000651
20180223,9937.07,10487.3,9734.56,10301.1,751.3275312,-0.000258
20180224,10287.7,10597.2,9546.97,9813.07,704.9710217,-0.004377
20180225,9796.42,9923.22,9407.06,9664.73,590.4913954,-0.000828
20180226,9669.43,10475,9501.73,10366.7,702.9903672,-0.001296
20180227,10393.9,10878.5,10246.1,10725.6,649.4909227,0.001191
20180228,10687.2,11089.8,10393.1,10397.9,667.0760396,0.001254
20180301,10385,11052.3,10352.7,10951,668.1837041,0.0003
20180302,10977.4,11189,10850.1,11086.4,687.3818444,0.003762
20180303,11101.9,11528.2,11002.4,11489.7,582.310264,0.002445
20180304,11497.4,11512.6,11136.1,11512.6,528.4774734,0.002577
20180305,11532.4,11704.1,11443.9,11573.3,558.9192282,0.003639
20180306,11500.1,11500.1,10694.3,10779.9,633.7878815,0.001284
20180307,10803.9,10929.5,9692.12,9965.57,882.8305873,0.000825
20180308,9951.44,10147.4,9335.87,9395.01,764.8836972,-0.00456
20180309,9414.69,9466.35,8513.03,9337.55,932.170694,-0.002418
20180310,9350.59,9531.32,8828.47,8866,607.5253634,-0.004146
20180311,8852.78,9711.89,8607.12,9578.63,657.3351488,-0.010932
20180312,9602.93,9937.5,8956.43,9205.12,701.500883,0.0003
20180313,9173.04,9470.38,8958.19,9194.85,651.5755929,-0.001143
20180314,9214.65,9355.85,8068.59,8269.81,778.5221203,-0.002955
20180315,8290.76,8428.35,7783.05,8300.86,823.3399855,-0.002508
20180316,8322.91,8585.15,8005.31,8338.35,634.3437059,-0.004335
20180317,8321.91,8346.53,7812.82,7916.88,559.0775518,-0.003642
20180318,7890.52,8245.51,7397.99,8223.68,807.3259193,-0.002301
20180319,8344.12,8675.87,8182.4,8630.65,779.6759243,-0.000579
20180320,8619.67,9051.02,8389.89,8913.47,713.727645,0.0003
20180321,8937.48,9177.37,8846.33,8929.28,676.7768349,-0.000714
20180322,8939.44,9100.71,8564.9,8728.47,633.6036002,0.00042
20180323,8736.25,8879.62,8360.62,8879.62,670.5377248,0.0003
20180324,8901.95,8996.18,8665.7,8668.12,653.4981131,0.0003
20180325,8612.81,8682.01,8449.1,8495.78,537.9000002,-0.00144
20180326,8498.47,8530.08,7921.43,8209.4,721.251233,0.0003
20180327,8200,8232.78,7797.28,7833.04,686.6108484,-0.00267
20180328,7836.83,8122.89,7809.17,7954.48,620.4415444,-0.000561
20180329,7979.07,7994.33,7081.38,7165.7,887.7332046,0.0003
20180330,7171.45,7276.66,6683.93,6890.52,912.7772487,-0.01125
20180331,6892.48,7207.85,6863.52,6973.53,652.9361399,-0.003489
20180401,7003.06,7060.95,6526.87,6844.23,662.1782284,-0.00471
20180402,6844.86,7135.47,6816.58,7083.8,611.7394619,-0.000024
20180403,7102.26,7530.94,7072.49,7456.11,737.6098561,-0.001707
20180404,7456.41,7469.88,6803.88,6853.84,720.1802201,0.000789
20180405,6848.65,6933.82,6644.8,6811.47,827.9152759,-0.005301
20180406,6815.96,6857.49,6575,6636.32,567.6052559,-0.004059
20180407,6630.51,7050.54,6630.51,6911.09,575.3954945,-0.000816
20180408,6919.98,7111.56,6919.98,7023.52,520.0383808,0.0003
20180409,7044.32,7178.11,6661.99,6770.73,722.8260515,-0.000984
20180410,6795.44,6872.41,6704.15,6834.76,625.1499804,-0.004386
20180411,6843.47,6968.32,6817.59,6968.32,666.141881,-0.002346
20180412,6955.38,7899.23,6806.51,7889.25,1128.909623,-0.000768
20180413,7901.09,8183.96,7758.93,7895.96,983.3459177,-0.000081
20180414,7874.67,8140.71,7846,7986.24,650.0468486,0.0003
20180415,7999.33,8338.42,7999.33,8329.11,629.65671,-0.00006
20180416,8337.57,8371.15,7925.73,8058.67,698.7889843,0.0003
20180417,8071.66,8285.96,7881.72,7902.09,873.2980606,0.0003
20180418,7944.43,8197.8,7886.01,8163.42,799.8987875,0.0003
20180419,8159.27,8298.69,8138.78,8294.31,851.5729439,-0.000774
20180420,8286.88,8880.23,8244.54,8845.83,953.9082492,0.0003
20180421,8848.79,8997.57,8652.15,8895.58,848.5731278,0.002469
20180422,8925.06,9001.64,8779.61,8802.46,753.1871518,0.0003
20180423,8794.39,8958.55,8788.81,8930.88,775.4208033,0.0003
20180424,8934.34,9732.61,8927.83,9697.5,1101.191068,-0.00021
20180425,9701.03,9745.32,8799.84,8845.74,1252.930807,0.01125
20180426,8867.32,9281.51,8727.09,9281.51,966.497853,0.0003
20180427,9290.63,9375.47,8987.05,8987.05,841.9102954,0.002223
20180428,8939.27,9412.09,8931.99,9348.48,834.9464229,0.0003
20180429,9346.41,9531.49,9193.71,9419.08,939.9007326,0.005124
20180430,9426.11,9477.14,9166.81,9240.55,938.6800569,0.001752
20180501,9251.47,9255.88,8891.05,9119.01,845.8176824,0.000039
20180502,9104.6,9256.52,9015.14,9235.92,818.3440168,0.0003
20180503,9233.97,9798.33,9188.15,9743.86,1047.562217,0.002085
20180504,9695.5,9779.2,9585.96,9700.76,847.1325843,0.008241
20180505,9700.28,9964.5,9695.12,9858.15,776.204444,0.005157
20180506,9845.31,9940.14,9465.25,9654.8,748.0507304,0.01125
20180507,9645.67,9665.85,9231.53,9373.01,788.8628989,0.001722
20180508,9380.87,9462.75,9127.77,9234.82,803.0335136,0.000684
20180509,9223.73,9374.76,9031.62,9325.18,774.9866748,0.003183
20180510,9325.96,9396.04,9040.52,9043.94,763.682618,0.001251
20180511,9052.96,9052.96,8394.46,8441.49,1005.571314,0.000411
20180512,8441.44,8664.86,8223.5,8504.89,802.0538885,0.0003
20180513,8515.49,8773.55,8395.12,8723.94,672.4461397,-0.000681
20180514,8713.1,8881.12,8367.97,8716.79,844.823583,-0.000456
20180515,8705.19,8836.19,8456.45,8510.38,787.9448485,0.0003
20180516,8504.41,8508.43,8175.49,8368.83,807.7855758,-0.002145
20180517,8370.05,8445.54,8054.12,8094.32,724.2770298,0.0003
20180518,8091.83,8274.12,7974.82,8250.97,698.6075829,-0.000207
20180519,8255.73,8372.06,8183.35,8247.18,571.3952978,0.000039
20180520,8246.99,8562.41,8205.24,8513.25,609.7624254,0.0003
20180521,8522.33,8557.52,8365.12,8418.99,612.3050485,0.000378
20180522,8419.87,8423.25,8004.58,8041.78,638.7901902,0.0003
20180523,8037.08,8054.66,7507.88,7557.82,858.8614346,0.000441
20180524,7561.12,7738.6,7331.14,7587.34,797.2781101,-0.000783
20180525,7592.3,7659.14,7392.65,7480.14,650.7671995,-0.000591
20180526,7486.48,7595.16,7349.12,7355.88,550.7892962,0.0003
20180527,7362.08,7381.74,7270.96,7368.22,550.5427276,-0.00105
20180528,7371.31,7419.05,7100.89,7135.99,706.3631065,0.000072
20180529,7129.46,7526.42,7090.68,7472.59,757.790819,0.001368
20180530,7469.73,7573.77,7313.6,7406.52,664.6225261,0.000486
20180531,7406.15,7608.9,7361.13,7494.17,684.1491602,0.0003
20180601,7500.7,7604.73,7407.34,7541.45,652.5880599,0.0003
20180602,7536.72,7695.83,7497.26,7643.45,646.2134036,0.0003
20180603,7632.09,7754.89,7613.04,7720.25,628.4459866,-0.001308
20180604,7722.53,7753.82,7474.04,7514.47,664.4739975,0.0003
20180605,7500.9,7643.23,7397,7633.76,649.9732473,0.0003
20180606,7625.97,7680.43,7502.01,7653.98,613.0483539,0.000681
20180607,7650.82,7741.27,7650.82,7678.24,584.2224176,0.001113
20180608,7685.14,7698.19,7558.4,7624.92,554.4425258,0.000627
20180609,7632.52,7683.58,7531.98,7531.98,510.5191591,0.001068
20180610,7499.55,7499.55,6709.07,6786.02,855.4115573,0.0003
20180611,6799.29,6910.18,6706.63,6906.92,687.0312324,-0.003375
20180612,6905.82,6907.96,6542.08,6582.36,707.0989785,-0.001251
20180613,6596.88,6631.66,6285.63,6349.9,795.6581918,0.0003
20180614,6342.75,6707.14,6334.46,6675.35,769.8038329,-0.00156
20180615,6674.08,6681.08,6433.87,6456.58,612.6137912,-0.001014
20180616,6455.45,6592.49,6402.29,6550.16,487.6476471,-0.002427
20180617,6545.53,6589.11,6499.27,6499.27,477.5951711,-0.003339
20180618,6510.07,6781.14,6446.68,6734.82,599.7487683,-0.000141
20180619,6742.39,6822.5,6709.92,6769.94,599.2711735,0.0003
20180620,6770.76,6821.56,6611.88,6776.55,573.8377198,-0.00159
20180621,6780.09,6810.94,6715.17,6729.74,524.4080728,-0.000462
20180622,6737.88,6747.08,6006.6,6083.69,834.9883127,-0.00096
20180623,6090.1,6224.82,6071.81,6162.48,556.8147889,-0.007584
20180624,6164.28,6223.78,5826.41,6173.23,739.7926129,-0.006021
20180625,6171.97,6327.37,6119.68,6249.18,880.2451266,0.00006
20180626,6253.55,6290.16,6093.67,6093.67,538.2240706,0.0003
20180627,6084.4,6180,6052.85,6157.13,535.3500582,0.0003
20180628,6153.16,6170.41,5873.05,5903.44,587.4202269,0.0003
20180629,5898.13,6261.66,5835.75,6218.3,637.8318859,-0.000207
20180630,6214.22,6465.51,6214.22,6404,709.5347008,0.0003
20180701,6411.68,6432.85,6289.29,6385.82,749.8269353,0.0003
20180702,6380.38,6683.86,6305.7,6614.18,664.7732671,0.0003
20180703,6596.66,6671.37,6447.75,6529.59,715.5594394,-0.000336
20180704,6550.87,6771.92,6450.46,6597.55,633.0668081,0.000225
20180705,6599.71,6749.54,6546.65,6639.14,752.9951458,0.0003
20180706,6638.69,6700.94,6533.55,6673.5,646.4313982,0.0003
20180707,6668.71,6863.99,6579.24,6856.93,577.6754413,0.0003
20180708,6857.8,6885.91,6747.98,6773.88,499.8922402,0.0003
20180709,6775.08,6838.68,6724.34,6741.75,551.5081277,0.0003
20180710,6739.21,6767.74,6320.72,6329.95,640.1993823,0.0003
20180711,6330.77,6444.96,6330.47,6394.71,569.9804845,0.0003
20180712,6396.78,6397.1,6136.42,6228.81,605.2793571,0.0003
20180713,6235.03,6310.55,6192.24,6238.05,610.0303883,-0.000687
20180714,6247.5,6298.19,6212.22,6276.12,465.8403625,0.0003
20180715,6272.7,6403.46,6256.51,6359.64,516.6109981,-0.00168
20180716,6357.01,6741.75,6357.01,6741.75,700.9752566,-0.000351
20180717,6739.65,7387.24,6684.17,7321.04,814.3583709,0.0003
20180718,7315.32,7534.99,7280.47,7370.78,828.0548566,0.000579
20180719,7378.2,7494.46,7295.46,7466.86,684.5755544,0.0003
20180720,7467.4,7594.67,7323.26,7354.13,671.3057681,0.0003
20180721,7352.72,7437.64,7262.41,7419.29,502.2865962,0.0003
20180722,7417.8,7537.95,7383.82,7418.49,498.1418181,0.0003
20180723,7414.71,7771.5,7409.1,7711.11,665.595485,0.0003
20180724,7716.51,8424.27,7705.5,8424.27,863.8956083,0.0003
20180725,8379.66,8416.87,8086.36,8181.39,714.4751765,0.001509
20180726,8176.85,8290.33,7878.71,7951.58,616.1152777,0.001542
20180727,7950.4,8262.66,7839.76,8165.01,636.3592863,0.001212
20180728,8169.06,8222.85,8110.77,8192.15,486.8990534,0.001236
20180729,8205.82,8272.26,8141.18,8218.46,499.7517803,0.002247
20180730,8221.58,8235.5,7917.5,8180.48,678.6154358,0.004674
20180731,8181.2,8181.53,7696.93,7780.44,679.5926709,0.002496
20180801,7769.04,7769.04,7504.95,7624.91,629.2034922,0.0003
20180802,7634.19,7712.77,7523.44,7567.15,556.8952644,0.0003
20180803,7562.14,7562.14,7328.65,7434.39,622.3980717,0.0003
20180804,7438.67,7497.49,6984.07,7032.85,606.9218027,0.0003
20180805,7031.08,7102.77,6940.7,7068.48,520.4952125,-0.000069
20180806,7062.94,7166.55,6890.54,6951.8,564.7314365,0.0003
20180807,6958.32,7146.56,6748.24,6753.12,693.4276305,0.0003
20180808,6746.85,6746.85,6226.22,6305.8,803.1383805,-0.001683
20180809,6305.56,6625.73,6249.07,6568.23,649.6483832,-0.003048
20180810,6571.42,6591.26,6124.52,6184.71,732.2380516,-0.000147
20180811,6185.79,6455.74,6109.03,6295.73,642.9516514,-0.002208
20180812,6283.65,6409.85,6237.5,6322.69,896.0189413,0.0003
20180813,6341.36,6537.05,6225.72,6297.57,648.5009297,-0.000804
20180814,6287.66,6287.94,5971.05,6199.71,855.1529023,-0.003984
20180815,6221.42,6588.49,6221.42,6308.52,776.0060997,-0.002196
20180816,6294.23,6473.5,6276.41,6334.73,683.2840547,-0.001191
20180817,6340.91,6582.5,6324.97,6580.63,758.7404245,-0.000774
20180818,6583.43,6617.35,6353.73,6423.76,620.2784662,-0.002112
20180819,6422.57,6537.98,6361.55,6506.07,508.9355018,-0.001821
20180820,6500.51,6536.92,6297.93,6308.53,580.9752827,0.0003
20180821,6301.07,6500.87,6298.24,6488.76,520.4661599,-0.001683
20180822,6486.25,6816.79,6310.11,6376.71,732.0561857,0.0003
20180823,6371.34,6546.54,6371.34,6534.88,524.2911882,-0.001338
20180824,6551.52,6719.96,6498.64,6719.96,609.7982726,-0.001386
20180825,6719.95,6789.63,6700.96,6763.19,489.7984531,0.0003
20180826,6754.64,6774.75,6620.75,6707.26,491.3332717,0.000018
20180827,6710.8,6884.64,6689.71,6884.64,583.7632759,-0.000063
20180828,6891.08,7109.56,6882.34,7096.28,656.6736375,0.0003
20180829,7091.71,7113.3,6970.82,7047.16,588.3050761,0.0003
20180830,7043.76,7072.69,6834.69,6978.23,639.5962873,0.000348
20180831,6973.97,7057.17,6920.16,7037.58,638.8062374,0.0003
20180901,7044.81,7242.29,7038.05,7193.25,572.210058,0.0003
20180902,7189.58,7306.31,7132.16,7272.72,595.3123453,0.0003
20180903,7279.03,7317.94,7208.15,7260.06,563.0476883,0.0003
20180904,7263,7388.26,7255.44,7361.66,580.5266747,0.0003
20180905,7361.46,7388.43,6792.83,6792.83,853.9091954,0.0003
20180906,6755.14,6755.14,6404.72,6529.17,845.9681705,-0.00255
20180907,6528.92,6555.29,6396.87,6467.07,659.4454676,-0.001899
20180908,6460.17,6534.25,6197.52,6225.98,615.9769225,-0.001047
20180909,6223.38,6446.26,6201.22,6300.86,582.7601312,-0.001635
20180910,6301.57,6374.98,6292.76,6329.7,586.7734648,-0.001767
20180911,6331.88,6398.92,6260.21,6321.2,609.0473328,-0.000609
20180912,6317.01,6363.87,6265.09,6351.8,639.8548443,0.0003
20180913,6354.24,6535.41,6354.24,6517.31,646.1116626,-0.0021
20180914,6515.41,6596.1,6456.17,6512.71,625.8869196,-0.001023
20180915,6509.4,6561.72,6493.55,6543.2,491.5484778,-0.001695
20180916,6536.68,6544.33,6460.1,6517.18,502.3230907,-0.000084
20180917,6514.06,6540.21,6257.52,6281.2,622.6166974,0.000237
20180918,6280.91,6384.18,6265.71,6371.3,656.0811765,-0.000627
20180919,6371.85,6448.46,6208.34,6398.54,692.5548641,0.000165
20180920,6398.85,6529.26,6395.95,6519.67,666.9217921,0.000015
20180921,6513.87,6794.33,6496.36,6734.95,969.8572372,-0.000474
20180922,6735.05,6814.56,6616.8,6721.98,670.8826864,0.0003
20180923,6715.32,6766.15,6679.42,6710.63,625.5001393,0.0003
20180924,6704.77,6713.56,6580.9,6595.41,633.366235,0.000333
20180925,6603.64,6603.64,6381.86,6446.47,733.1423244,0.0003
20180926,6452.79,6585.91,6397.89,6495,683.187067,-0.000666
20180927,6495.29,6712.1,6464.95,6676.75,689.9779084,0.0003
20180928,6678.75,6785.03,6598.32,6644.13,754.7158168,0.0003
20180929,6643.1,6643.1,6511.65,6601.96,660.9688638,0.0003
20180930,6604.71,6643.78,6566.54,6625.56,604.0666751,0.000477
20181001,6619.85,6653.3,6549.08,6589.62,607.1624767,0.0003
20181002,6593.24,6611.84,6537.9,6556.1,606.9553546,0.0003
20181003,6553.86,6571.46,6454.03,6502.59,597.8094882,0.0003
20181004,6497.91,6603.31,6497.91,6576.69,583.6385781,0.000906
20181005,6574.15,6623.62,6557.41,6622.48,554.3995603,0.000885
20181006,6622.45,6628.54,6577.8,6588.31,494.7763539,0.0003
20181007,6590.68,6641.49,6557.04,6602.95,500.7807117,0.0003
20181008,6600.19,6675.06,6576.04,6652.23,598.2144334,0.000939
20181009,6653.08,6661.41,6606.94,6642.64,539.0642877,0.001431
20181010,6640.29,6640.29,6538.96,6585.53,575.1473306,0.001026
20181011,6586.74,6586.74,6243.74,6256.24,828.2354897,0.0003
20181012,6239.25,6328.5,6236.47,6274.58,602.9885666,0.0003
20181013,6278.08,6308.51,6259.81,6285.99,487.4379374,-0.001866
20181014,6288.49,6363.21,6280.15,6290.93,490.4394104,-0.000447
20181015,6292.64,6965.06,6258.68,6596.54,1117.369106,0.0003
20181016,6601.41,6673.59,6571.37,6596.11,617.7580422,0.0003
20181017,6590.52,6601.21,6517.45,6544.43,624.7175079,0.0003
20181018,6542.33,6567.54,6450.04,6476.71,605.875514,0.0003
20181019,6478.07,6493.68,6445.31,6465.41,553.5410747,0.0003
20181020,6460.92,6497.72,6449,6489.19,520.7321715,0.0003
20181021,6490.09,6556.38,6476,6482.35,501.9182858,0.0003
20181022,6486.05,6543.8,6462.98,6487.16,566.1737956,0.0003
20181023,6472.36,6506.01,6451.27,6475.74,573.8571962,0.0003
20181024,6478.89,6521.99,6468.86,6495.84,527.2097219,0.0003
20181025,6484.65,6504.65,6447.03,6476.29,498.8272607,0.0003
20181026,6468.44,6498.29,6449.61,6474.75,510.6065871,0.0003
20181027,6480.84,6507.41,6453.53,6480.38,523.6189853,0.0003
20181028,6482.66,6502.28,6447.91,6486.39,531.1413591,0.0003
20181029,6492.35,6503.6,6306.99,6332.63,663.2173362,0.002286
20181030,6337.04,6364.99,6310.14,6334.27,596.927507,0.00108
20181031,6336.99,6349.16,6316.88,6317.61,663.4217687,0.0003
20181101,6318.14,6547.14,6311.83,6377.78,594.1565874,0.0003
20181102,6378.92,6396.86,6327.38,6388.44,662.895793,0.0003
20181103,6387.24,6400.07,6342.37,6361.26,575.143918,0.0003
20181104,6365.47,6388.63,6294.57,6376.13,688.5085467,0.0003
20181105,6363.62,6480.59,6363.62,6419.66,650.3148142,0.001968
20181106,6433.38,6463.55,6408.16,6461.01,727.4466376,0.001485
20181107,6468.5,6552.16,6468.31,6530.14,756.6851553,0.0003
20181108,6522.27,6536.92,6438.53,6453.72,722.8792077,0.003156
20181109,6442.6,6456.46,6373.37,6385.62,680.720118,0.003174
20181110,6386.13,6437.28,6385.31,6409.22,578.123391,0.0003
20181111,6413.63,6423.25,6350.17,6411.27,614.3962117,0.0003
20181112,6411.76,6434.21,6360.47,6371.27,674.2407715,0.0003
20181113,6373.19,6395.27,6342.67,6359.49,708.2014438,0.001074
20181114,6351.24,6371.55,5544.09,5738.35,1289.384579,0.0003
20181115,5736.15,5774.82,5358.38,5648.03,1245.060667,-0.001116
20181116,5645.32,5657.02,5498.94,5575.55,946.8698155,-0.002655
20181117,5578.58,5578.58,5519.56,5554.33,774.7379072,0.000294
20181118,5559.74,5653.61,5559.74,5623.54,739.6906575,0.000087
20181119,5620.78,5620.78,4842.91,4871.49,1445.052746,0.0003
20181120,4863.93,4951.61,4272.11,4451.87,1893.202182,-0.00372
20181121,4465.54,4675.73,4343.98,4602.17,1329.833535,-0.001971
20181122,4611.57,4629.64,4365.64,4365.94,1046.594777,-0.002016
20181123,4360.7,4396.42,4195.68,4347.11,1120.627267,-0.001383
20181124,4347.69,4413.09,3795.16,3880.76,1205.820509,0.0003
20181125,3880.78,4120.87,3585.06,4009.97,1702.167348,-0.004467
20181126,4015.07,4107.14,3643.92,3779.13,1713.860068,-0.002859
20181127,3765.95,3862.96,3661.01,3820.72,1570.049624,-0.00423
20181128,3822.47,4385.9,3822.47,4257.42,1710.021562,-0.001641
20181129,4269,4413.02,4145.77,4278.85,1519.882157,-0.000807
20181130,4289.09,4322.98,3942.82,4017.27,1505.504165,-0.002358
20181201,4024.46,4309.38,3969.71,4214.67,1275.381962,-0.001413
20181202,4200.73,4301.52,4110.98,4139.88,1271.219913,-0.002076
20181203,4147.32,4155.98,3840.45,3894.13,1306.985384,-0.002427
20181204,3886.29,4075.63,3832.75,3956.89,1270.712413,-0.001776
20181205,3958.89,3969.54,3753.99,3753.99,1412.492195,-0.00039
20181206,3754.07,3874.97,3521.1,3521.1,1669.459291,0.0003
20181207,3512.59,3512.59,3280.23,3419.94,1998.753033,-0.004731
20181208,3421.91,3506.04,3350.65,3476.11,1526.138269,-0.001818
20181209,3473.23,3685.31,3469.09,3614.23,1368.859438,-0.000159
20181210,3612.05,3647.33,3470.14,3502.66,1433.473058,-0.00012
20181211,3497.55,3513.18,3392.25,3424.59,1371.482481,-0.000345
20181212,3421.46,3534.23,3413.48,3486.95,1187.10186,-0.000699
20181213,3487.88,3489.74,3298.13,3313.68,1310.739859,0.000192
20181214,3311.75,3329.56,3206.54,3242.48,1348.586163,-0.001908
20181215,3244,3275.38,3191.3,3236.76,1097.320642,-0.001443
20181216,3236.27,3305.75,3233.82,3252.84,1151.070755,0.0003
20181217,3253.12,3597.92,3253.12,3545.86,1525.510854,-0.001416
20181218,3544.76,3701.35,3487.17,3696.06,1599.358634,0.0003
20181219,3706.82,3949.32,3687.23,3745.95,1818.147364,-0.001884
20181220,3742.2,4191.23,3728.97,4134.44,2159.21123,-0.000759
20181221,4133.7,4198.43,3850.95,3896.54,1849.337029,-0.00276
20181222,3898.08,4014.18,3855.74,4014.18,1396.505197,0.0003
20181223,4020.99,4085.72,3976.41,3998.98,1538.211116,-0.000825
20181224,4000.33,4271.79,4000.33,4078.6,1775.356373,0.0003
20181225,4081.03,4089.56,3760.02,3815.49,1614.001686,0.0003
20181226,3819.67,3893.36,3769.86,3857.3,1380.900609,-0.000177
20181227,3854.69,3874.42,3645.45,3654.83,1403.682898,0.0003
20181228,3653.13,3956.14,3642.63,3923.92,1435.185821,-0.002067
20181229,3932.49,3963.76,3820.41,3820.41,1306.575974,0.0003
20181230,3822.38,3901.91,3797.22,3865.95,1233.999036,-0.00204
20181231,3866.84,3868.74,3725.87,3742.7,1245.582282,0.0003
20190101,3746.71,3850.91,3707.23,3843.52,1125.0627,0.0003
20190102,3849.22,3947.98,3817.41,3943.41,1330.03082,0.0003
20190103,3931.05,3935.69,3826.22,3836.74,1180.745951,-0.000738
20190104,3832.04,3865.93,3783.85,3857.72,1256.691898,0.000108
20190105,3851.97,3904.9,3836.9,3845.19,1336.113384,0.000183
20190106,3836.52,4093.3,3826.51,4076.63,1372.954484,-0.001023
20190107,4078.59,4092.61,4020.89,4025.25,1298.956745,0.0003
20190108,4028.47,4109.02,3996.96,4030.85,1316.49486,0.0003
20190109,4031.55,4068.4,4022.66,4035.3,1267.788076,0.0003
20190110,4034.41,4064.07,3659.17,3678.92,1868.522228,-0.001302
20190111,3674.02,3713.88,3653.07,3687.37,1502.076782,-0.002334
20190112,3686.97,3698.98,3653.81,3661.3,1305.047629,-0.000702
20190113,3658.87,3674.76,3544.93,3552.95,1317.581859,-0.00069
20190114,3557.31,3727.84,3552.29,3706.05,1524.907783,-0.000756
20190115,3704.22,3720.15,3619.95,3630.68,1525.111633,0.000165
20190116,3631.51,3685.78,3624.67,3655.01,1475.90763,-0.000756
20190117,3651.87,3680.14,3621.96,3678.56,1485.478117,-0.000831
20190118,3677.99,3682.52,3637.08,3657.84,1367.736622,0.0003
20190119,3652.38,3758.53,3652.38,3728.57,1597.312476,0.0003
20190120,3725.45,3743.39,3583.02,3601.01,1550.256611,0.0003
20190121,3600.37,3608.84,3558.54,3576.03,1399.414171,-0.000177
20190122,3575.08,3620.75,3539.72,3604.58,1474.131121,0.000003
20190123,3605.56,3623.07,3565.31,3585.12,1515.64122,0.000225
20190124,3584.5,3616.09,3569.09,3600.87,1461.554859,0.00024
20190125,3607.39,3612.93,3575.6,3599.77,1462.828886,-0.00015
20190126,3599.72,3654.93,3593.35,3602.46,1415.19496,0.0003
20190127,3604.69,3612.67,3567.25,3583.97,1554.352566,0.000261
20190128,3584.28,3586.75,3439.23,3470.45,1990.788077,0.0003
20190129,3468.87,3476.07,3400.82,3448.12,1710.253556,0.0003
20190130,3443.9,3495.17,3429.39,3486.18,1708.205723,0.0003
20190131,3485.41,3504.8,3447.92,3457.79,1686.394567,0.0003
20190201,3460.55,3501.95,3431.59,3487.95,1554.760449,0.0003
20190202,3484.63,3523.29,3467.57,3521.06,1440.368412,0.0003
20190203,3516.14,3521.39,3447.92,3464.01,1456.09787,-0.00042
20190204,3467.21,3476.22,3442.59,3459.15,1541.626956,-0.000093
20190205,3454.95,3478.15,3451.94,3466.36,1508.080391,0.000006
20190206,3469.09,3469.09,3398.57,3413.77,1605.906677,0.000222
20190207,3414.93,3427.95,3394.22,3399.47,1472.27735,0.000159
20190208,3401.38,3695.61,3391.02,3666.78,2109.650184,0.0003
20190209,3671.59,3679.94,3646.56,3671.2,1677.60777,0.0003
20190210,3673.2,3695.04,3640.98,3690.19,1702.420987,0.0003
20190211,3695.61,3695.61,3642.29,3648.43,1720.481532,0.0003
20190212,3642.75,3668.59,3618.56,3653.53,1773.732399,0.0003
20190213,3653.6,3669.75,3617.25,3632.07,1772.791775,0.0003
20190214,3631.17,3646.26,3607.7,3616.88,1733.82706,0.000351
20190215,3617.37,3647.8,3608.21,3620.81,1682.483265,0.0003
20190216,3615.27,3652.84,3615.27,3629.79,1635.010304,0.0003
20190217,3633.36,3680.54,3619.18,3673.84,1916.118422,0.0003
20190218,3671.37,3936.67,3669.98,3915.71,2530.375498,-0.001707
20190219,3911.66,4010.88,3908.15,3947.09,2516.696264,0.0003
20190220,3946.68,4000.49,3926.25,3999.82,2173.441292,0.0003
20190221,4000.26,4010.01,3940.11,3954.12,1966.335898,0.0003
20190222,3952.41,4006.54,3950.82,4005.53,1953.930005,0.0003
20190223,3998.92,4166.29,3968.73,4142.53,2153.818636,0.000288
20190224,4145.46,4210.64,3793.71,3810.43,2832.810851,0.0003
20190225,3807,3913.71,3807,3882.7,2400.081404,-0.000603
20190226,3878.7,3891.58,3837.99,3854.36,2057.726574,-0.000915
20190227,3857.48,3888.8,3787.06,3851.05,2155.596444,-0.000339
20190228,3848.26,3906.06,3845.82,3854.79,2179.046796,-0.000579
20190301,3853.76,3907.8,3851.69,3859.58,1984.995252,-0.000192
20190302,3855.32,3874.61,3832.13,3864.42,1961.170389,-0.000489
20190303,3862.27,3875.48,3836.91,3847.18,1885.422089,-0.000891
20190304,3845.09,3867.38,3733.75,3761.56,2400.380637,0.0003
20190305,3759.83,3903.92,3745.18,3896.38,2611.174068,-0.000495
20190306,3897.08,3919.51,3871.46,3903.94,2350.264484,0.0003
20190307,3903.38,3939.37,3894.11,3911.48,2450.265761,0.000093
20190308,3913.23,3950.43,3875.23,3901.13,2727.06599,-0.000576
20190309,3894.55,3987.24,3892.39,3963.31,2724.011878,-0.000096
20190310,3966.17,3966.17,3924.38,3951.6,2458.059421,-0.000735
20190311,3953.74,3966.38,3889.24,3905.23,2592.907947,0.000123
20190312,3903.76,3926.89,3863.56,3909.16,2509.461644,0.0003
20190313,3913.05,3926.6,3891.9,3906.72,2423.819685,-0.000552
20190314,3905.58,3946.5,3901.3,3924.37,2670.69353,0.000252
20190315,3926.66,3968.54,3914.02,3960.91,2371.730386,-0.000333
20190316,3963.9,4077.04,3961.66,4048.73,2434.38485,0.0003
20190317,4047.72,4054.12,4006.41,4025.23,2042.523135,0.0003
20190318,4029.97,4071.56,4009.12,4032.51,2392.295168,-0.000483
20190319,4032.69,4082.22,4023.81,4071.19,2295.377999,0.000258
20190320,4070.79,4089.46,4031.11,4087.48,2489.53301,0.0003
20190321,4083.95,4097.36,4005.15,4029.33,2688.092726,-0.001968
20190322,4028.51,4053.91,4021.54,4023.97,2299.454511,-0.001098
20190323,4022.71,4049.88,4015.96,4035.83,2373.452437,0.00009
20190324,4035.16,4040.7,4006.19,4022.17,2273.611276,-0.00045
20190325,4024.11,4038.84,3934.03,3963.07,2614.0893,-0.000984
20190326,3969.23,3985.08,3944.75,3985.08,2686.941997,-0.001389
20190327,3984.24,4087.07,3977.81,4087.07,2666.245485,-0.000429
20190328,4087.58,4094.9,4040.27,4069.11,2298.762112,0.0003
20190329,4068.3,4113.5,4034.1,4098.37,2664.148322,-0.000363
20190330,4092.14,4296.81,4053.91,4106.66,2369.976589,-0.000369
20190331,4105.46,4113.02,4094.1,4105.4,2203.225616,-0.000879
20190401,4105.36,4164.95,4096.9,4158.18,2442.84619,-0.001299
20190402,4156.92,4905.95,4155.32,4879.88,4367.945076,0.001779
20190403,4879.96,5307,4876.62,4973.02,4604.825957,0.0003
20190404,4971.31,5063.16,4836.79,4922.8,3707.607508,0.0003
20190405,4922.81,5053.51,4919.49,5036.68,3342.94126,0.0003
20190406,5036.79,5205.82,4992.22,5059.82,3345.928352,0.0003
20190407,5062.79,5235.19,5050.41,5198.9,3203.642336,0.0003
20190408,5199.84,5318.84,5148.21,5289.77,3242.884593,0.0003
20190409,5289.92,5289.92,5167.42,5204.96,2828.475985,0.0003
20190410,5204.11,5421.65,5193.38,5324.55,2911.906346,0.0003
20190411,5325.08,5354.23,5017.3,5064.49,3268.960156,0.0003
20190412,5061.2,5103.27,4955.85,5089.54,2686.92383,0.0003
20190413,5088.85,5127.12,5061.59,5096.59,2123.633566,-0.000621
20190414,5095.76,5184.02,5053.57,5167.72,2010.935673,0.0003
20190415,5167.32,5196.61,5024.07,5067.11,2425.47627,0.0003
20190416,5066.58,5238.95,5055.19,5235.56,2219.18194,-0.000135
20190417,5236.14,5274.28,5219.21,5251.94,2368.35925,0.0003
20190418,5251.48,5319.99,5250.51,5298.39,2501.98455,0.0003
20190419,5298.15,5336.68,5233.34,5303.81,2598.177283,-0.000222
20190420,5304.16,5358.49,5295.88,5337.89,2467.200996,0.0003
20190421,5335.88,5359.93,5257.34,5314.53,2583.830409,0.0003
20190422,5312.49,5422.69,5280.28,5399.37,2704.321365,0.0003
20190423,5399.37,5633.8,5389.41,5572.36,2847.502334,-0.001518
20190424,5571.51,5642.04,5418.26,5464.87,3119.567968,-0.000243
20190425,5466.52,5542.24,5181.34,5210.52,2942.17917,-0.000903
20190426,5210.3,5383.63,5177.37,5279.35,3184.503403,-0.000699
20190427,5279.47,5310.75,5233.64,5268.29,2488.715442,-0.001245
20190428,5271.75,5326.23,5255.68,5285.14,2425.667448,-0.001881
20190429,5284.86,5311.27,5216.49,5247.35,2617.605205,-0.002364
20190430,5247.73,5363.26,5224.19,5350.73,2593.845059,-0.001131
20190501,5350.91,5418,5347.65,5402.7,2531.97998,-0.000951
20190502,5402.42,5522.26,5394.22,5505.28,2660.075583,-0.000696
20190503,5505.55,5865.88,5490.2,5768.29,3245.464428,0.000276
20190504,5769.2,5886.89,5645.47,5831.17,3012.736855,-0.000492
20190505,5831.07,5833.86,5708.04,5795.71,2555.136596,0.0003
20190506,5791.69,5802.96,5653.69,5746.81,2738.418671,-0.000522
20190507,5745.6,5988.18,5741.4,5829.5,3092.273614,0.0003
20190508,5849.48,5989.98,5794.72,5982.46,2560.920641,-0.002463
20190509,5982.32,6183.04,5982.32,6174.53,2718.368104,-0.001488
20190510,6175.82,6434.62,6161.52,6378.85,3044.416371,-0.003174
20190511,6379.67,7333,6375.7,7204.77,4006.729199,-0.000264
20190512,7203.51,7503.87,6815.77,6972.37,3983.341917,0.0003
20190513,6971.18,8047.41,6898.28,7814.92,3669.605342,0.0003
20190514,7807.88,8268.71,7696.39,7994.42,4006.72622,0.000828
20190515,7989.37,8216.42,7899.11,8205.17,3454.421166,0.001041
20190516,8194.5,8320.82,7729.61,7884.91,4206.414224,0.002103
20190517,7886.93,7929.15,7038.12,7343.9,4094.09781,0.0003
20190518,7341.66,7447.27,7251.5,7271.21,2936.827098,-0.000354
20190519,7267.96,8261.94,7267.96,8197.69,3159.722073,0.001158
20190520,8196.92,8200.97,7678.78,7978.31,2988.52819,0.000987
20190521,7977.97,8062.17,7843.34,7963.33,3155.369055,0.000906
20190522,7956.29,7997.61,7615.99,7680.07,3218.652066,0.001125
20190523,7677.27,7943.79,7533.2,7881.85,3102.965398,0.0003
20190524,7881.7,8140.72,7824.45,7987.37,3245.01394,0.000477
20190525,7991.89,8117.93,7965.98,8052.54,2763.949401,0.00213
20190526,8055.21,8687.52,7924.67,8673.22,3075.901463,0.001248
20190527,8674.07,8907.17,8668.7,8805.78,3174.033369,0.005202
20190528,8802.76,8807.02,8634.72,8719.96,2778.329174,0.004629
20190529,8718.59,8755.85,8482.73,8659.49,2710.723145,0.002259
20190530,8661.76,9008.31,8221.27,8319.47,3515.431698,0.003393
20190531,8320.29,8586.66,8172.55,8574.5,2958.212252,0.0003
20190601,8573.84,8625.6,8481.58,8564.02,2625.905071,0.0003
20190602,8565.47,8809.3,8561.24,8742.96,2318.003974,0.001803
20190603,8741.75,8743.5,8204.19,8208.99,2680.538219,0.0003
20190604,8210.99,8210.99,7564.49,7707.77,3192.847159,-0.000054
20190605,7704.34,7901.85,7668.67,7824.23,2781.222365,0.0003
20190606,7819.63,7937.34,7571.47,7822.02,2489.716349,-0.000171
20190607,7826.9,8126.15,7788.37,8043.95,2379.604949,0.0003
20190608,8036.77,8076.89,7837.61,7954.13,2077.250788,-0.000171
20190609,7949.67,7975.97,7583.22,7688.08,2160.581907,-0.000264
20190610,7692.28,8031.91,7586.73,8000.33,2336.063027,-0.00021
20190611,8004.24,8026.39,7772.8,7927.71,2157.9094,0.0003
20190612,7925.43,8196.65,7862.36,8145.86,2336.700224,0.0003
20190613,8145.55,8311.57,8087.06,8230.92,2268.20418,0.0003
20190614,8230.9,8710.64,8183.39,8693.83,2281.061731,0.0003
20190615,8689.75,8859.13,8618.4,8838.38,2078.552091,0.000633
20190616,8841.44,9335.87,8814.56,8994.49,2595.872619,0.005427
20190617,8988.92,9416.41,8988.92,9320.35,1669.78192,0.001161
20190618,9335.47,9348.37,9004.9,9081.76,1745.059387,0.001497
20190619,9078.73,9299.62,9070.4,9273.52,1676.473437,0.001944
20190620,9273.06,9594.42,9232.48,9527.16,1873.257485,0.001887
20190621,9525.07,10144.56,9525.07,10144.56,2033.011648,0.002235
20190622,10175.92,11157.35,10107.04,10701.69,2802.847481,0.006156
20190623,10696.69,11246.14,10556.1,10855.37,1934.372251,0.008895
20190624,10853.74,11065.9,10610.43,11011.1,1750.202284,0.002868
20190625,11007.2,11790.92,11007.2,11790.92,2110.071524,0.00288
20190626,11778.58,13796.49,11755.6,13016.23,3465.345432,0.004857
20190627,13017.12,13311.14,10491.85,11182.81,3574.90427,0.005796
20190628,11162.17,12445.18,10914.49,12407.33,2827.98618,0.002115
20190629,12400.76,12400.91,11508.38,11959.37,2502.13524,0.0003
20190630,11931.99,12178.38,10799.01,10817.16,2519.743953,0.001647
20190701,10796.93,11206.44,10089.31,10583.13,2775.983034,0.004365
20190702,10588.68,10912.19,9737.88,10801.68,2871.395489,0.001128
20190703,10818.16,11968.08,10818.16,11961.27,2574.684318,0.0003
20190704,11972.72,12006.08,11166.57,11215.44,2311.125915,0.0003
20190705,11203.1,11395.66,10874.96,10978.46,2171.386534,-0.000189
20190706,10982.54,11620.97,10982.54,11208.55,1881.779919,0.0003
20190707,11217.62,11541.62,11148.8,11450.85,1691.494018,0.0003
20190708,11446.6,12345.83,11393.37,12285.96,1911.332241,0.002991
20190709,12284.33,12779.13,12233.26,12573.81,2240.205755,0.002868
20190710,12571.54,13129.53,11710.98,12156.51,2766.219437,0.003759
20190711,12139.71,12144.62,11158.92,11358.66,2517.491297,0.0003
20190712,11354.3,11905.49,11179.14,11815.99,1991.766479,0.0003
20190713,11813.13,11841.96,10908.48,11392.38,1847.078168,0.0003
20190714,11381.02,11451.2,10234.58,10256.06,2192.459873,0.0003
20190715,10257.84,11052.77,9992.01,10895.09,2329.861177,-0.000615
20190716,10896.65,10996.63,9448.11,9477.64,2548.229208,0.0003
20190717,9471.21,9963.13,9163.13,9693.8,2534.601658,0.0003
20190718,9698.5,10736.84,9376.8,10666.48,2361.324884,0.0003
20190719,10653.96,10716.98,10229.63,10530.73,1968.280101,0.0003
20190720,10525.82,11048.66,10451.28,10767.14,1876.692897,0.0003
20190721,10777.53,10841.89,10389.6,10599.11,1616.228199,-0.000357
20190722,10596.95,10651.79,10154.92,10343.11,1579.255651,0.0003
20190723,10346.75,10346.75,9883.6,9900.77,1803083.699,0.0003
20190724,9887.73,9908.8,9614.31,9811.93,1773222.426,-0.000687
20190725,9809.1,10154.25,9773.96,9911.84,1596267.907,0.0003
20190726,9913.13,9916.52,9717.98,9870.3,1468619.442,-0.00003
20190727,9871.16,10167.32,9411.52,9477.68,1774464.799,0.0003
20190728,9491.63,9575.55,9252.3,9552.86,1438175.279,0.00012
